"focalid","role","dyadid","outcome","focalcode","partcode","obs"
3,1,31,1,0,1,311
3,2,31,1,1,0,312
3,1,32,1.5,0,1,321
3,2,32,1,1,0,322
3,1,33,1.5,0,1,331
3,2,33,3.83333333333333,1,0,332
5,1,51,2.16666666666667,0,1,511
5,2,51,2.33333333333333,1,0,512
5,1,52,2,0,1,521
5,2,52,3.5,1,0,522
5,1,53,2.16666666666667,0,1,531
5,2,53,2,1,0,532
6,1,61,1.16666666666667,0,1,611
6,2,61,1,1,0,612
6,1,62,1.33333333333333,0,1,621
6,2,62,1.16666666666667,1,0,622
6,1,63,1,0,1,631
6,2,63,3.66666666666667,1,0,632
8,1,81,3.33333333333333,0,1,811
8,2,81,1.16666666666667,1,0,812
8,1,82,2.16666666666667,0,1,821
8,2,82,2.33333333333333,1,0,822
8,1,83,3.16666666666667,0,1,831
8,2,83,2.32959641255605,1,0,832
10,1,101,1.16666666666667,0,1,1011
10,2,101,1.33333333333333,1,0,1012
10,1,102,1,0,1,1021
10,2,102,1,1,0,1022
10,1,103,1,0,1,1031
10,2,103,2,1,0,1032
13,1,131,1.5,0,1,1311
13,2,131,2.83333333333333,1,0,1312
13,1,132,1.83333333333333,0,1,1321
13,2,132,1.33333333333333,1,0,1322
13,1,133,2,0,1,1331
13,2,133,2,1,0,1332
14,1,141,1,0,1,1411
14,2,141,2,1,0,1412
14,1,142,1,0,1,1421
14,2,142,1.5,1,0,1422
14,1,143,1.16666666666667,0,1,1431
14,2,143,1.66666666666667,1,0,1432
18,1,181,1,0,1,1811
18,2,181,1,1,0,1812
18,1,182,1,0,1,1821
18,2,182,1,1,0,1822
18,1,183,1,0,1,1831
18,2,183,1.33333333333333,1,0,1832
21,1,211,3.33333333333333,0,1,2111
21,2,211,2.16666666666667,1,0,2112
21,1,212,1.33333333333333,0,1,2121
21,2,212,1,1,0,2122
21,1,213,2.33333333333333,0,1,2131
21,2,213,1,1,0,2132
22,1,221,1.83333333333333,0,1,2211
22,2,221,1.83333333333333,1,0,2212
22,1,222,1.5,0,1,2221
22,2,222,1,1,0,2222
22,1,223,2.16666666666667,0,1,2231
22,2,223,1.5,1,0,2232
26,1,261,1,0,1,2611
26,2,261,1.16666666666667,1,0,2612
26,1,262,1,0,1,2621
26,2,262,1,1,0,2622
26,1,263,1,0,1,2631
26,2,263,1,1,0,2632
27,1,271,3.83333333333333,0,1,2711
27,2,271,3,1,0,2712
27,1,272,3.33333333333333,0,1,2721
27,2,272,2,1,0,2722
27,1,273,3.16666666666667,0,1,2731
27,2,273,1.83333333333333,1,0,2732
29,1,291,1.16666666666667,0,1,2911
29,2,291,2,1,0,2912
29,1,292,1.16666666666667,0,1,2921
29,2,292,1.5,1,0,2922
29,1,293,1.16666666666667,0,1,2931
29,2,293,2,1,0,2932
33,1,331,2.33333333333333,0,1,3311
33,2,331,1,1,0,3312
33,1,332,1.66666666666667,0,1,3321
33,2,332,1.83333333333333,1,0,3322
33,1,333,1.83333333333333,0,1,3331
33,2,333,1,1,0,3332
34,1,341,1,0,1,3411
34,2,341,1,1,0,3412
34,1,342,1.5,0,1,3421
34,2,342,1.33333333333333,1,0,3422
34,1,343,1.16666666666667,0,1,3431
34,2,343,1,1,0,3432
35,1,351,1,0,1,3511
35,2,351,1,1,0,3512
35,1,352,1,0,1,3521
35,2,352,1,1,0,3522
35,1,353,1.16666666666667,0,1,3531
35,2,353,1,1,0,3532
36,1,361,1.66666666666667,0,1,3611
36,2,361,3.16666666666667,1,0,3612
36,1,362,1.83333333333333,0,1,3621
36,2,362,1,1,0,3622
36,1,363,1,0,1,3631
36,2,363,1,1,0,3632
38,1,381,2.16666666666667,0,1,3811
38,2,381,3,1,0,3812
38,1,382,2,0,1,3821
38,2,382,1,1,0,3822
38,1,383,2,0,1,3831
38,2,383,2.5,1,0,3832
39,1,391,1.16666666666667,0,1,3911
39,2,391,2.16666666666667,1,0,3912
39,1,392,1,0,1,3921
39,2,392,1,1,0,3922
39,1,393,2.33333333333333,0,1,3931
39,2,393,1,1,0,3932
40,1,401,2.5,0,1,4011
40,2,401,4.33333333333333,1,0,4012
40,1,402,1.87140804597701,0,1,4021
40,2,402,1.66666666666667,1,0,4022
40,1,403,1,0,1,4031
40,2,403,2.16666666666667,1,0,4032
42,1,421,1.5,0,1,4211
42,2,421,1.33333333333333,1,0,4212
42,1,422,2.5,0,1,4221
42,2,422,1.83333333333333,1,0,4222
42,1,423,1.5,0,1,4231
42,2,423,2.16666666666667,1,0,4232
44,1,441,2.33333333333333,0,1,4411
44,2,441,1,1,0,4412
44,1,442,2.33333333333333,0,1,4421
44,2,442,1,1,0,4422
44,1,443,2.66666666666667,0,1,4431
44,2,443,2.33333333333333,1,0,4432
47,1,471,1.16666666666667,0,1,4711
47,2,471,1.5,1,0,4712
47,1,472,1,0,1,4721
47,2,472,1,1,0,4722
47,1,473,1.33333333333333,0,1,4731
47,2,473,1.83333333333333,1,0,4732
55,1,551,1,0,1,5511
55,2,551,2,1,0,5512
55,1,552,1.33333333333333,0,1,5521
55,2,552,1,1,0,5522
55,1,553,1.16666666666667,0,1,5531
55,2,553,1,1,0,5532
58,1,581,1,0,1,5811
58,2,581,1,1,0,5812
58,1,582,1.66666666666667,0,1,5821
58,2,582,1.33333333333333,1,0,5822
58,1,583,1.16666666666667,0,1,5831
58,2,583,1.16666666666667,1,0,5832
59,1,591,2.16666666666667,0,1,5911
59,2,591,2.16666666666667,1,0,5912
59,1,592,2.16666666666667,0,1,5921
59,2,592,1.66666666666667,1,0,5922
59,1,593,1.83333333333333,0,1,5931
59,2,593,1.5,1,0,5932
60,1,601,1.33333333333333,0,1,6011
60,2,601,1.16666666666667,1,0,6012
60,1,602,1.66666666666667,0,1,6021
60,2,602,1,1,0,6022
60,1,603,1.33333333333333,0,1,6031
60,2,603,1.66666666666667,1,0,6032
61,1,611,2.33333333333333,0,1,6111
61,2,611,2.16666666666667,1,0,6112
61,1,612,2.83333333333333,0,1,6121
61,2,612,1.16666666666667,1,0,6122
61,1,613,4.66666666666667,0,1,6131
61,2,613,3,1,0,6132
62,1,621,1,0,1,6211
62,2,621,1.66666666666667,1,0,6212
62,1,622,1,0,1,6221
62,2,622,1.16666666666667,1,0,6222
62,1,623,2.16666666666667,0,1,6231
62,2,623,1.16666666666667,1,0,6232
64,1,641,2,0,1,6411
64,2,641,2.33333333333333,1,0,6412
64,1,642,2.83333333333333,0,1,6421
64,2,642,2,1,0,6422
64,1,643,2.16666666666667,0,1,6431
64,2,643,1,1,0,6432
65,1,651,1.5,0,1,6511
65,2,651,2.66666666666667,1,0,6512
65,1,652,1.16666666666667,0,1,6521
65,2,652,1,1,0,6522
65,1,653,2.16666666666667,0,1,6531
65,2,653,1.66666666666667,1,0,6532
66,1,661,1.33333333333333,0,1,6611
66,2,661,1,1,0,6612
66,1,662,3.33333333333333,0,1,6621
66,2,662,1.83333333333333,1,0,6622
66,1,663,1.33333333333333,0,1,6631
66,2,663,1.33333333333333,1,0,6632
67,1,671,2.16666666666667,0,1,6711
67,2,671,3,1,0,6712
67,1,672,2,0,1,6721
67,2,672,1.16666666666667,1,0,6722
67,1,673,2,0,1,6731
67,2,673,1.5,1,0,6732
69,1,691,1,0,1,6911
69,2,691,1.66666666666667,1,0,6912
69,1,692,2,0,1,6921
69,2,692,1.83333333333333,1,0,6922
69,1,693,1,0,1,6931
69,2,693,3.5,1,0,6932
71,1,711,2.16666666666667,0,1,7111
71,2,711,1,1,0,7112
71,1,712,1.33333333333333,0,1,7121
71,2,712,2.16666666666667,1,0,7122
71,1,713,1.5,0,1,7131
71,2,713,1,1,0,7132
75,1,751,1.5,0,1,7511
75,2,751,1.16666666666667,1,0,7512
75,1,752,1,0,1,7521
75,2,752,1,1,0,7522
75,1,753,1.33333333333333,0,1,7531
75,2,753,3.83333333333333,1,0,7532
79,1,791,2.5,0,1,7911
79,2,791,2.5,1,0,7912
79,1,792,1.66666666666667,0,1,7921
79,2,792,1.5,1,0,7922
79,1,793,1,0,1,7931
79,2,793,1.66666666666667,1,0,7932
80,1,801,1,0,1,8011
80,2,801,1,1,0,8012
80,1,802,1,0,1,8021
80,2,802,1,1,0,8022
80,1,803,1,0,1,8031
80,2,803,1,1,0,8032
82,1,821,4.5,0,1,8211
82,2,821,1,1,0,8212
82,1,822,3.5,0,1,8221
82,2,822,1,1,0,8222
82,1,823,3.66666666666667,0,1,8231
82,2,823,3,1,0,8232
85,1,851,3,0,1,8511
85,2,851,4.66666666666667,1,0,8512
85,1,852,2.5,0,1,8521
85,2,852,1.16666666666667,1,0,8522
85,1,853,2.5,0,1,8531
85,2,853,1,1,0,8532
86,1,861,1,0,1,8611
86,2,861,1.16666666666667,1,0,8612
86,1,862,1.5,0,1,8621
86,2,862,2,1,0,8622
86,1,863,1,0,1,8631
86,2,863,2.16666666666667,1,0,8632
89,1,891,3,0,1,8911
89,2,891,1.33333333333333,1,0,8912
89,1,892,1.33333333333333,0,1,8921
89,2,892,2,1,0,8922
89,1,893,2.66666666666667,0,1,8931
89,2,893,2.33333333333333,1,0,8932
91,1,911,1,0,1,9111
91,2,911,1.16666666666667,1,0,9112
91,1,912,1.83333333333333,0,1,9121
91,2,912,3.5,1,0,9122
91,1,913,2.33333333333333,0,1,9131
91,2,913,2,1,0,9132
93,1,931,2,0,1,9311
93,2,931,1.33333333333333,1,0,9312
93,1,932,2,0,1,9321
93,2,932,1.16666666666667,1,0,9322
93,1,933,1.66666666666667,0,1,9331
93,2,933,3.16666666666667,1,0,9332
94,1,941,1,0,1,9411
94,2,941,2.16666666666667,1,0,9412
94,1,942,1.5,0,1,9421
94,2,942,1.16666666666667,1,0,9422
94,1,943,1.33333333333333,0,1,9431
94,2,943,3.5,1,0,9432
96,1,961,4,0,1,9611
96,2,961,2.16666666666667,1,0,9612
96,1,962,1.16666666666667,0,1,9621
96,2,962,1.5,1,0,9622
96,1,963,2,0,1,9631
96,2,963,2.33333333333333,1,0,9632
99,1,991,1,0,1,9911
99,2,991,1,1,0,9912
99,1,992,1.16666666666667,0,1,9921
99,2,992,1,1,0,9922
99,1,993,1.83333333333333,0,1,9931
99,2,993,1.66666666666667,1,0,9932
100,1,1001,1.16666666666667,0,1,10011
100,2,1001,1,1,0,10012
100,1,1002,3.5,0,1,10021
100,2,1002,2,1,0,10022
100,1,1003,2.16666666666667,0,1,10031
100,2,1003,1,1,0,10032
102,1,1021,2.33333333333333,0,1,10211
102,2,1021,1.5,1,0,10212
102,1,1022,1.5,0,1,10221
102,2,1022,1,1,0,10222
102,1,1023,2,0,1,10231
102,2,1023,1.16666666666667,1,0,10232
105,1,1051,1,0,1,10511
105,2,1051,2,1,0,10512
105,1,1052,1,0,1,10521
105,2,1052,1.16666666666667,1,0,10522
105,1,1053,1.83333333333333,0,1,10531
105,2,1053,1.5,1,0,10532
108,1,1081,2,0,1,10811
108,2,1081,1,1,0,10812
108,1,1082,1.66666666666667,0,1,10821
108,2,1082,1,1,0,10822
108,1,1083,1.83333333333333,0,1,10831
108,2,1083,1.16666666666667,1,0,10832
110,1,1101,1.83333333333333,0,1,11011
110,2,1101,1,1,0,11012
110,1,1102,2,0,1,11021
110,2,1102,1,1,0,11022
110,1,1103,3.5,0,1,11031
110,2,1103,2,1,0,11032
111,1,1111,1.66666666666667,0,1,11111
111,2,1111,2,1,0,11112
111,1,1112,1,0,1,11121
111,2,1112,1.16666666666667,1,0,11122
111,1,1113,1.16666666666667,0,1,11131
111,2,1113,1.16666666666667,1,0,11132
112,1,1121,3.5,0,1,11211
112,2,1121,2.16666666666667,1,0,11212
112,1,1122,1.5,0,1,11221
112,2,1122,2.16666666666667,1,0,11222
112,1,1123,1.83333333333333,0,1,11231
112,2,1123,1.5,1,0,11232
113,1,1131,1,0,1,11311
113,2,1131,2.83333333333333,1,0,11312
113,1,1132,1.66666666666667,0,1,11321
113,2,1132,2.16666666666667,1,0,11322
113,1,1133,1,0,1,11331
113,2,1133,1.16666666666667,1,0,11332
114,1,1141,2.33333333333333,0,1,11411
114,2,1141,1.16666666666667,1,0,11412
114,1,1142,1,0,1,11421
114,2,1142,1,1,0,11422
114,1,1143,1,0,1,11431
114,2,1143,1,1,0,11432
118,1,1181,1.83333333333333,0,1,11811
118,2,1181,1.16666666666667,1,0,11812
118,1,1182,1.5,0,1,11821
118,2,1182,1,1,0,11822
118,1,1183,2,0,1,11831
118,2,1183,1,1,0,11832
120,1,1201,1.16666666666667,0,1,12011
120,2,1201,3,1,0,12012
120,1,1202,1.66666666666667,0,1,12021
120,2,1202,1.33333333333333,1,0,12022
120,1,1203,1.5,0,1,12031
120,2,1203,1.16666666666667,1,0,12032
125,1,1251,1.83333333333333,0,1,12511
125,2,1251,2.5,1,0,12512
125,1,1252,1,0,1,12521
125,2,1252,1.16666666666667,1,0,12522
125,1,1253,1,0,1,12531
125,2,1253,1.5,1,0,12532
138,1,1381,1,0,1,13811
138,2,1381,1.66666666666667,1,0,13812
138,1,1382,2.66666666666667,0,1,13821
138,2,1382,2.33333333333333,1,0,13822
138,1,1383,1.83333333333333,0,1,13831
138,2,1383,2.83333333333333,1,0,13832
142,1,1421,2,0,1,14211
142,2,1421,1,1,0,14212
142,1,1422,2,0,1,14221
142,2,1422,1,1,0,14222
142,1,1423,1.83333333333333,0,1,14231
142,2,1423,1.33333333333333,1,0,14232
148,1,1481,1.5,0,1,14811
148,2,1481,1.16666666666667,1,0,14812
148,1,1482,1.16666666666667,0,1,14821
148,2,1482,1.16666666666667,1,0,14822
148,1,1483,2.5,0,1,14831
148,2,1483,1.66666666666667,1,0,14832
153,1,1531,1.66666666666667,0,1,15311
153,2,1531,1.16666666666667,1,0,15312
153,1,1532,1.83333333333333,0,1,15321
153,2,1532,1.33333333333333,1,0,15322
153,1,1533,2.5,0,1,15331
153,2,1533,2,1,0,15332
155,1,1551,2,0,1,15511
155,2,1551,5,1,0,15512
155,1,1552,2.66666666666667,0,1,15521
155,2,1552,1.66666666666667,1,0,15522
155,1,1553,2,0,1,15531
155,2,1553,1.33333333333333,1,0,15532
160,1,1601,2.16666666666667,0,1,16011
160,2,1601,1,1,0,16012
160,1,1602,1.83333333333333,0,1,16021
160,2,1602,1,1,0,16022
160,1,1603,1.83333333333333,0,1,16031
160,2,1603,1,1,0,16032
161,1,1611,3,0,1,16111
161,2,1611,3,1,0,16112
161,1,1612,1.5,0,1,16121
161,2,1612,1,1,0,16122
161,1,1613,3.66666666666667,0,1,16131
161,2,1613,1.66666666666667,1,0,16132
165,1,1651,1,0,1,16511
165,2,1651,1.16666666666667,1,0,16512
165,1,1652,1.33333333333333,0,1,16521
165,2,1652,1,1,0,16522
165,1,1653,3.66666666666667,0,1,16531
165,2,1653,3.42261904761905,1,0,16532
166,1,1661,3,0,1,16611
166,2,1661,1,1,0,16612
166,1,1662,3.16666666666667,0,1,16621
166,2,1662,2.5,1,0,16622
166,1,1663,3.66666666666667,0,1,16631
166,2,1663,1.5,1,0,16632
168,1,1681,3.83333333333333,0,1,16811
168,2,1681,3,1,0,16812
168,1,1682,1.16666666666667,0,1,16821
168,2,1682,1.33333333333333,1,0,16822
168,1,1683,2.5,0,1,16831
168,2,1683,3,1,0,16832
170,1,1701,1.33333333333333,0,1,17011
170,2,1701,3.16666666666667,1,0,17012
170,1,1702,1.16666666666667,0,1,17021
170,2,1702,1.33333333333333,1,0,17022
170,1,1703,1.66666666666667,0,1,17031
170,2,1703,1.83333333333333,1,0,17032
171,1,1711,3.16666666666667,0,1,17111
171,2,1711,2.5,1,0,17112
171,1,1712,2.83333333333333,0,1,17121
171,2,1712,1.33333333333333,1,0,17122
171,1,1713,2.83333333333333,0,1,17131
171,2,1713,2,1,0,17132
179,1,1791,1.33333333333333,0,1,17911
179,2,1791,1.33333333333333,1,0,17912
179,1,1792,1.5,0,1,17921
179,2,1792,1.33333333333333,1,0,17922
179,1,1793,1.5,0,1,17931
179,2,1793,1.66666666666667,1,0,17932
182,1,1821,1.5,0,1,18211
182,2,1821,1.66666666666667,1,0,18212
182,1,1822,1.5,0,1,18221
182,2,1822,1.33333333333333,1,0,18222
182,1,1823,2.16666666666667,0,1,18231
182,2,1823,1.5,1,0,18232
183,1,1831,3,0,1,18311
183,2,1831,2.16666666666667,1,0,18312
183,1,1832,2.83333333333333,0,1,18321
183,2,1832,1,1,0,18322
183,1,1833,1.5,0,1,18331
183,2,1833,1.66666666666667,1,0,18332
193,1,1931,1,0,1,19311
193,2,1931,1,1,0,19312
193,1,1932,1.66666666666667,0,1,19321
193,2,1932,1,1,0,19322
193,1,1933,1,0,1,19331
193,2,1933,1,1,0,19332
194,1,1941,2.16666666666667,0,1,19411
194,2,1941,1.16666666666667,1,0,19412
194,1,1942,1.5,0,1,19421
194,2,1942,1.83333333333333,1,0,19422
194,1,1943,1.16666666666667,0,1,19431
194,2,1943,1.83333333333333,1,0,19432
197,1,1971,2.16666666666667,0,1,19711
197,2,1971,3.83333333333333,1,0,19712
197,1,1972,1,0,1,19721
197,2,1972,2.66666666666667,1,0,19722
197,1,1973,2.83333333333333,0,1,19731
197,2,1973,2.66666666666667,1,0,19732
198,1,1981,1,0,1,19811
198,2,1981,1,1,0,19812
198,1,1982,1,0,1,19821
198,2,1982,1,1,0,19822
198,1,1983,1,0,1,19831
198,2,1983,1.33333333333333,1,0,19832
236,1,2361,1.92560801144492,0,1,23611
236,2,2361,4.16666666666667,1,0,23612
236,1,2362,1,0,1,23621
236,2,2362,1.83333333333333,1,0,23622
236,1,2363,3.83333333333333,0,1,23631
236,2,2363,3.5,1,0,23632
240,1,2401,2,0,1,24011
240,2,2401,1,1,0,24012
240,1,2402,2.33333333333333,0,1,24021
240,2,2402,1,1,0,24022
240,1,2403,2.5,0,1,24031
240,2,2403,1.33333333333333,1,0,24032
260,1,2601,1.5,0,1,26011
260,2,2601,1.83333333333333,1,0,26012
260,1,2602,1.33333333333333,0,1,26021
260,2,2602,1,1,0,26022
260,1,2603,1,0,1,26031
260,2,2603,1.83333333333333,1,0,26032
263,1,2631,2.16666666666667,0,1,26311
263,2,2631,2,1,0,26312
263,1,2632,2,0,1,26321
263,2,2632,1,1,0,26322
263,1,2633,2.33333333333333,0,1,26331
263,2,2633,2.5,1,0,26332
265,1,2651,1,0,1,26511
265,2,2651,3.83333333333333,1,0,26512
265,1,2652,1,0,1,26521
265,2,2652,1,1,0,26522
265,1,2653,1,0,1,26531
265,2,2653,1.5,1,0,26532
266,1,2661,1.83333333333333,0,1,26611
266,2,2661,1,1,0,26612
266,1,2662,2,0,1,26621
266,2,2662,1.16666666666667,1,0,26622
266,1,2663,1.83333333333333,0,1,26631
266,2,2663,1.16666666666667,1,0,26632
269,1,2691,1,0,1,26911
269,2,2691,2,1,0,26912
269,1,2692,1.33333333333333,0,1,26921
269,2,2692,1,1,0,26922
269,1,2693,1.5,0,1,26931
269,2,2693,1,1,0,26932
271,1,2711,1.66666666666667,0,1,27111
271,2,2711,1.33333333333333,1,0,27112
271,1,2712,1.16666666666667,0,1,27121
271,2,2712,1,1,0,27122
271,1,2713,1.66666666666667,0,1,27131
271,2,2713,2,1,0,27132
275,1,2751,1.66666666666667,0,1,27511
275,2,2751,3.5,1,0,27512
275,1,2752,1.16666666666667,0,1,27521
275,2,2752,3.16666666666667,1,0,27522
275,1,2753,1.33333333333333,0,1,27531
275,2,2753,2.16666666666667,1,0,27532
276,1,2761,1,0,1,27611
276,2,2761,1.16666666666667,1,0,27612
276,1,2762,2,0,1,27621
276,2,2762,2,1,0,27622
276,1,2763,2.33333333333333,0,1,27631
276,2,2763,2.16666666666667,1,0,27632
281,1,2811,2,0,1,28111
281,2,2811,1.33333333333333,1,0,28112
281,1,2812,1,0,1,28121
281,2,2812,1,1,0,28122
281,1,2813,1,0,1,28131
281,2,2813,1,1,0,28132
283,1,2831,1.33333333333333,0,1,28311
283,2,2831,1,1,0,28312
283,1,2832,1,0,1,28321
283,2,2832,1,1,0,28322
283,1,2833,1,0,1,28331
283,2,2833,1,1,0,28332
284,1,2841,2.16666666666667,0,1,28411
284,2,2841,2.66666666666667,1,0,28412
284,1,2842,2.5,0,1,28421
284,2,2842,1.33333333333333,1,0,28422
284,1,2843,3,0,1,28431
284,2,2843,1.16666666666667,1,0,28432
290,1,2901,2.83333333333333,0,1,29011
290,2,2901,2.66666666666667,1,0,29012
290,1,2902,2.16666666666667,0,1,29021
290,2,2902,2.16666666666667,1,0,29022
290,1,2903,3.33333333333333,0,1,29031
290,2,2903,2.5,1,0,29032
294,1,2941,1,0,1,29411
294,2,2941,1.83333333333333,1,0,29412
294,1,2942,1,0,1,29421
294,2,2942,1.16666666666667,1,0,29422
294,1,2943,1.5,0,1,29431
294,2,2943,1.33333333333333,1,0,29432
304,1,3041,1.83333333333333,0,1,30411
304,2,3041,1.5,1,0,30412
304,1,3042,1.5,0,1,30421
304,2,3042,1.5,1,0,30422
304,1,3043,2,0,1,30431
304,2,3043,3.33333333333333,1,0,30432
319,1,3191,1.83333333333333,0,1,31911
319,2,3191,2,1,0,31912
319,1,3192,2.5,0,1,31921
319,2,3192,1.16666666666667,1,0,31922
319,1,3193,2.66666666666667,0,1,31931
319,2,3193,2.16666666666667,1,0,31932
321,1,3211,1.16666666666667,0,1,32111
321,2,3211,1.83333333333333,1,0,32112
321,1,3212,1,0,1,32121
321,2,3212,1,1,0,32122
321,1,3213,1.16666666666667,0,1,32131
321,2,3213,1.66666666666667,1,0,32132
322,1,3221,1.33333333333333,0,1,32211
322,2,3221,1.5,1,0,32212
322,1,3222,1.33333333333333,0,1,32221
322,2,3222,2.16666666666667,1,0,32222
322,1,3223,1.16666666666667,0,1,32231
322,2,3223,1.33333333333333,1,0,32232
325,1,3251,1,0,1,32511
325,2,3251,1.16666666666667,1,0,32512
325,1,3252,1.5,0,1,32521
325,2,3252,1.33333333333333,1,0,32522
325,1,3253,1,0,1,32531
325,2,3253,1,1,0,32532
328,1,3281,1,0,1,32811
328,2,3281,1.83333333333333,1,0,32812
328,1,3282,1.16666666666667,0,1,32821
328,2,3282,3.16666666666667,1,0,32822
328,1,3283,1.33333333333333,0,1,32831
328,2,3283,1.66666666666667,1,0,32832
329,1,3291,3.5,0,1,32911
329,2,3291,1,1,0,32912
329,1,3292,2.5,0,1,32921
329,2,3292,3.33333333333333,1,0,32922
329,1,3293,2.16666666666667,0,1,32931
329,2,3293,2,1,0,32932
333,1,3331,2,0,1,33311
333,2,3331,1.16666666666667,1,0,33312
333,1,3332,2,0,1,33321
333,2,3332,1,1,0,33322
333,1,3333,2.16666666666667,0,1,33331
333,2,3333,1,1,0,33332
337,1,3371,1.16666666666667,0,1,33711
337,2,3371,1,1,0,33712
337,1,3372,2.83333333333333,0,1,33721
337,2,3372,1.5,1,0,33722
337,1,3373,2.33333333333333,0,1,33731
337,2,3373,1.5,1,0,33732
338,1,3381,1,0,1,33811
338,2,3381,1,1,0,33812
338,1,3382,1,0,1,33821
338,2,3382,1.16666666666667,1,0,33822
338,1,3383,1,0,1,33831
338,2,3383,1.66666666666667,1,0,33832
339,1,3391,1.16666666666667,0,1,33911
339,2,3391,1.5,1,0,33912
339,1,3392,1.33333333333333,0,1,33921
339,2,3392,1.5,1,0,33922
339,1,3393,1.66666666666667,0,1,33931
339,2,3393,1,1,0,33932
343,1,3431,2,0,1,34311
343,2,3431,2.33333333333333,1,0,34312
343,1,3432,2.83333333333333,0,1,34321
343,2,3432,1.5,1,0,34322
343,1,3433,3.33333333333333,0,1,34331
343,2,3433,2.16666666666667,1,0,34332
344,1,3441,2.33333333333333,0,1,34411
344,2,3441,1.16666666666667,1,0,34412
344,1,3442,2.16666666666667,0,1,34421
344,2,3442,1.66666666666667,1,0,34422
344,1,3443,2.16666666666667,0,1,34431
344,2,3443,1.33333333333333,1,0,34432
347,1,3471,4,0,1,34711
347,2,3471,2.33333333333333,1,0,34712
347,1,3472,3.66666666666667,0,1,34721
347,2,3472,2.33333333333333,1,0,34722
347,1,3473,2.5,0,1,34731
347,2,3473,2.83333333333333,1,0,34732
349,1,3491,1.66666666666667,0,1,34911
349,2,3491,1,1,0,34912
349,1,3492,2.16666666666667,0,1,34921
349,2,3492,2.16666666666667,1,0,34922
349,1,3493,1,0,1,34931
349,2,3493,1.33333333333333,1,0,34932
350,1,3501,1,0,1,35011
350,2,3501,1,1,0,35012
350,1,3502,1,0,1,35021
350,2,3502,1,1,0,35022
350,1,3503,2,0,1,35031
350,2,3503,1,1,0,35032
353,1,3531,2.83333333333333,0,1,35311
353,2,3531,1.66666666666667,1,0,35312
353,1,3532,1.5,0,1,35321
353,2,3532,1.83333333333333,1,0,35322
353,1,3533,3.66666666666667,0,1,35331
353,2,3533,1.83333333333333,1,0,35332
354,1,3541,2.66666666666667,0,1,35411
354,2,3541,2.16666666666667,1,0,35412
354,1,3542,2.33333333333333,0,1,35421
354,2,3542,1.33333333333333,1,0,35422
354,1,3543,2.33333333333333,0,1,35431
354,2,3543,1.66666666666667,1,0,35432
355,1,3551,1.5,0,1,35511
355,2,3551,1.5,1,0,35512
355,1,3552,2.33333333333333,0,1,35521
355,2,3552,1.16666666666667,1,0,35522
355,1,3553,1.16666666666667,0,1,35531
355,2,3553,1.16666666666667,1,0,35532
356,1,3561,4,0,1,35611
356,2,3561,3.16666666666667,1,0,35612
356,1,3562,3.33333333333333,0,1,35621
356,2,3562,1.83333333333333,1,0,35622
356,1,3563,1,0,1,35631
356,2,3563,2,1,0,35632
362,1,3621,1,0,1,36211
362,2,3621,1.33333333333333,1,0,36212
362,1,3622,1.33333333333333,0,1,36221
362,2,3622,1.16666666666667,1,0,36222
362,1,3623,1.83333333333333,0,1,36231
362,2,3623,1,1,0,36232
363,1,3631,2.16666666666667,0,1,36311
363,2,3631,2.66666666666667,1,0,36312
363,1,3632,2.16666666666667,0,1,36321
363,2,3632,2,1,0,36322
363,1,3633,1.33333333333333,0,1,36331
363,2,3633,1,1,0,36332
364,1,3641,1,0,1,36411
364,2,3641,1.16666666666667,1,0,36412
364,1,3642,1.33333333333333,0,1,36421
364,2,3642,2.83333333333333,1,0,36422
364,1,3643,1.66666666666667,0,1,36431
364,2,3643,1.16666666666667,1,0,36432
366,1,3661,1.16666666666667,0,1,36611
366,2,3661,2.33333333333333,1,0,36612
366,1,3662,2.16666666666667,0,1,36621
366,2,3662,1.5,1,0,36622
366,1,3663,3.16666666666667,0,1,36631
366,2,3663,2,1,0,36632
367,1,3671,1,0,1,36711
367,2,3671,1.5,1,0,36712
367,1,3672,1.33333333333333,0,1,36721
367,2,3672,1,1,0,36722
367,1,3673,1.83333333333333,0,1,36731
367,2,3673,1,1,0,36732
368,1,3681,1.16666666666667,0,1,36811
368,2,3681,2.5,1,0,36812
368,1,3682,1.33333333333333,0,1,36821
368,2,3682,1.15866084425036,1,0,36822
368,1,3683,1.33333333333333,0,1,36831
368,2,3683,1.83333333333333,1,0,36832
370,1,3701,1.66666666666667,0,1,37011
370,2,3701,2,1,0,37012
370,1,3702,2.83333333333333,0,1,37021
370,2,3702,1.33333333333333,1,0,37022
370,1,3703,2.33333333333333,0,1,37031
370,2,3703,1.5,1,0,37032
373,1,3731,1.33333333333333,0,1,37311
373,2,3731,1.16666666666667,1,0,37312
373,1,3732,1.16666666666667,0,1,37321
373,2,3732,1,1,0,37322
373,1,3733,2.66666666666667,0,1,37331
373,2,3733,1.5,1,0,37332
375,1,3751,1,0,1,37511
375,2,3751,2,1,0,37512
375,1,3752,2,0,1,37521
375,2,3752,1,1,0,37522
375,1,3753,1.16666666666667,0,1,37531
375,2,3753,1.66666666666667,1,0,37532
378,1,3781,3.16666666666667,0,1,37811
378,2,3781,2.66666666666667,1,0,37812
378,1,3782,2.5,0,1,37821
378,2,3782,1.33333333333333,1,0,37822
378,1,3783,1,0,1,37831
378,2,3783,1,1,0,37832
382,1,3821,1,0,1,38211
382,2,3821,1.16666666666667,1,0,38212
382,1,3822,1,0,1,38221
382,2,3822,1.07971014492754,1,0,38222
382,1,3823,2,0,1,38231
382,2,3823,1.16666666666667,1,0,38232
383,1,3831,2.5,0,1,38311
383,2,3831,1,1,0,38312
383,1,3832,1,0,1,38321
383,2,3832,1.5,1,0,38322
383,1,3833,1.66666666666667,0,1,38331
383,2,3833,2.83333333333333,1,0,38332
384,1,3841,4.5,0,1,38411
384,2,3841,1.33333333333333,1,0,38412
384,1,3842,1,0,1,38421
384,2,3842,1.16666666666667,1,0,38422
384,1,3843,1.16666666666667,0,1,38431
384,2,3843,1.66666666666667,1,0,38432
385,1,3851,2.5,0,1,38511
385,2,3851,1.5,1,0,38512
385,1,3852,1,0,1,38521
385,2,3852,1,1,0,38522
385,1,3853,2.66666666666667,0,1,38531
385,2,3853,2.83333333333333,1,0,38532
397,1,3971,1.66666666666667,0,1,39711
397,2,3971,2,1,0,39712
397,1,3972,1.16666666666667,0,1,39721
397,2,3972,1,1,0,39722
397,1,3973,1.66666666666667,0,1,39731
397,2,3973,1.66666666666667,1,0,39732
399,1,3991,1.66666666666667,0,1,39911
399,2,3991,1.16666666666667,1,0,39912
399,1,3992,1.5,0,1,39921
399,2,3992,1.16666666666667,1,0,39922
399,1,3993,1.16666666666667,0,1,39931
399,2,3993,1.66666666666667,1,0,39932
401,1,4011,2.16666666666667,0,1,40111
401,2,4011,1.45833333333333,1,0,40112
401,1,4012,3,0,1,40121
401,2,4012,2.56550218340611,1,0,40122
401,1,4013,3,0,1,40131
401,2,4013,1.5,1,0,40132
403,1,4031,1.83333333333333,0,1,40311
403,2,4031,4,1,0,40312
403,1,4032,2.16666666666667,0,1,40321
403,2,4032,1,1,0,40322
403,1,4033,1.16666666666667,0,1,40331
403,2,4033,1.5,1,0,40332
404,1,4041,1.66666666666667,0,1,40411
404,2,4041,2.33333333333333,1,0,40412
404,1,4042,1.66666666666667,0,1,40421
404,2,4042,1.16666666666667,1,0,40422
404,1,4043,1,0,1,40431
404,2,4043,1,1,0,40432
405,1,4051,2.33333333333333,0,1,40511
405,2,4051,2,1,0,40512
405,1,4052,1.83333333333333,0,1,40521
405,2,4052,1.66666666666667,1,0,40522
405,1,4053,1.33333333333333,0,1,40531
405,2,4053,2.33333333333333,1,0,40532
407,1,4071,3.66666666666667,0,1,40711
407,2,4071,2.16666666666667,1,0,40712
407,1,4072,2.16666666666667,0,1,40721
407,2,4072,1,1,0,40722
407,1,4073,2.66666666666667,0,1,40731
407,2,4073,1,1,0,40732
408,1,4081,1.16666666666667,0,1,40811
408,2,4081,1.5,1,0,40812
408,1,4082,1.33333333333333,0,1,40821
408,2,4082,1.66666666666667,1,0,40822
408,1,4083,1.33333333333333,0,1,40831
408,2,4083,1,1,0,40832
409,1,4091,1.5,0,1,40911
409,2,4091,1.16666666666667,1,0,40912
409,1,4092,3,0,1,40921
409,2,4092,1.5,1,0,40922
409,1,4093,2.5,0,1,40931
409,2,4093,1.5,1,0,40932
413,1,4131,1.33333333333333,0,1,41311
413,2,4131,1.66666666666667,1,0,41312
413,1,4132,1.33333333333333,0,1,41321
413,2,4132,1.33333333333333,1,0,41322
413,1,4133,1.83333333333333,0,1,41331
413,2,4133,2.16666666666667,1,0,41332
414,1,4141,2,0,1,41411
414,2,4141,1.33333333333333,1,0,41412
414,1,4142,2.33333333333333,0,1,41421
414,2,4142,1.83333333333333,1,0,41422
414,1,4143,2.66666666666667,0,1,41431
414,2,4143,2,1,0,41432
419,1,4191,1.83333333333333,0,1,41911
419,2,4191,1.16666666666667,1,0,41912
419,1,4192,1.5,0,1,41921
419,2,4192,1,1,0,41922
419,1,4193,2,0,1,41931
419,2,4193,1.66666666666667,1,0,41932
420,1,4201,1,0,1,42011
420,2,4201,3.16666666666667,1,0,42012
420,1,4202,1,0,1,42021
420,2,4202,1.33333333333333,1,0,42022
420,1,4203,1.33333333333333,0,1,42031
420,2,4203,1,1,0,42032
421,1,4211,1.16666666666667,0,1,42111
421,2,4211,1,1,0,42112
421,1,4212,1.16666666666667,0,1,42121
421,2,4212,1,1,0,42122
421,1,4213,2.33333333333333,0,1,42131
421,2,4213,1.66666666666667,1,0,42132
423,1,4231,1,0,1,42311
423,2,4231,1,1,0,42312
423,1,4232,1,0,1,42321
423,2,4232,1.16666666666667,1,0,42322
423,1,4233,1.83333333333333,0,1,42331
423,2,4233,1,1,0,42332
424,1,4241,1.33333333333333,0,1,42411
424,2,4241,1.5,1,0,42412
424,1,4242,1.16666666666667,0,1,42421
424,2,4242,1,1,0,42422
424,1,4243,1.83333333333333,0,1,42431
424,2,4243,1,1,0,42432
426,1,4261,1.16666666666667,0,1,42611
426,2,4261,1,1,0,42612
426,1,4262,1,0,1,42621
426,2,4262,1,1,0,42622
426,1,4263,1.83333333333333,0,1,42631
426,2,4263,2,1,0,42632
427,1,4271,3.66666666666667,0,1,42711
427,2,4271,3.125,1,0,42712
427,1,4272,1.66666666666667,0,1,42721
427,2,4272,2,1,0,42722
427,1,4273,1,0,1,42731
427,2,4273,4.5,1,0,42732
428,1,4281,1.33333333333333,0,1,42811
428,2,4281,2.33333333333333,1,0,42812
428,1,4282,2,0,1,42821
428,2,4282,1,1,0,42822
428,1,4283,2.83333333333333,0,1,42831
428,2,4283,1,1,0,42832
429,1,4291,1,0,1,42911
429,2,4291,2.16666666666667,1,0,42912
429,1,4292,1,0,1,42921
429,2,4292,1,1,0,42922
429,1,4293,1.16666666666667,0,1,42931
429,2,4293,1,1,0,42932
432,1,4321,2.33333333333333,0,1,43211
432,2,4321,2.5,1,0,43212
432,1,4322,2.33333333333333,0,1,43221
432,2,4322,1,1,0,43222
432,1,4323,1.83333333333333,0,1,43231
432,2,4323,3,1,0,43232
433,1,4331,1.16666666666667,0,1,43311
433,2,4331,2,1,0,43312
433,1,4332,4.33333333333333,0,1,43321
433,2,4332,1.66666666666667,1,0,43322
433,1,4333,1,0,1,43331
433,2,4333,1,1,0,43332
435,1,4351,1.16666666666667,0,1,43511
435,2,4351,1,1,0,43512
435,1,4352,3.5,0,1,43521
435,2,4352,4,1,0,43522
435,1,4353,1.33333333333333,0,1,43531
435,2,4353,1.16666666666667,1,0,43532
436,1,4361,1,0,1,43611
436,2,4361,1.16666666666667,1,0,43612
436,1,4362,1,0,1,43621
436,2,4362,1.33333333333333,1,0,43622
436,1,4363,1,0,1,43631
436,2,4363,1.83333333333333,1,0,43632
437,1,4371,3.33333333333333,0,1,43711
437,2,4371,4.5,1,0,43712
437,1,4372,2,0,1,43721
437,2,4372,1.83333333333333,1,0,43722
437,1,4373,3.83333333333333,0,1,43731
437,2,4373,3.33333333333333,1,0,43732
439,1,4391,1,0,1,43911
439,2,4391,1.33333333333333,1,0,43912
439,1,4392,1.33333333333333,0,1,43921
439,2,4392,1.66666666666667,1,0,43922
439,1,4393,1,0,1,43931
439,2,4393,2.33333333333333,1,0,43932
441,1,4411,1,0,1,44111
441,2,4411,1,1,0,44112
441,1,4412,2,0,1,44121
441,2,4412,1.83333333333333,1,0,44122
441,1,4413,2,0,1,44131
441,2,4413,1,1,0,44132
445,1,4451,1.5,0,1,44511
445,2,4451,1,1,0,44512
445,1,4452,1.33333333333333,0,1,44521
445,2,4452,1,1,0,44522
445,1,4453,2,0,1,44531
445,2,4453,1.5,1,0,44532
446,1,4461,1.66666666666667,0,1,44611
446,2,4461,1.5,1,0,44612
446,1,4462,1.66666666666667,0,1,44621
446,2,4462,1.33333333333333,1,0,44622
446,1,4463,2.16666666666667,0,1,44631
446,2,4463,2.66666666666667,1,0,44632
447,1,4471,1.5,0,1,44711
447,2,4471,1,1,0,44712
447,1,4472,1.33333333333333,0,1,44721
447,2,4472,1,1,0,44722
447,1,4473,1.33333333333333,0,1,44731
447,2,4473,1.83333333333333,1,0,44732
448,1,4481,2.16666666666667,0,1,44811
448,2,4481,4.66666666666667,1,0,44812
448,1,4482,1.5,0,1,44821
448,2,4482,1,1,0,44822
448,1,4483,1.5,0,1,44831
448,2,4483,1,1,0,44832
453,1,4531,1,0,1,45311
453,2,4531,1,1,0,45312
453,1,4532,1.5,0,1,45321
453,2,4532,1.5,1,0,45322
453,1,4533,1.5,0,1,45331
453,2,4533,2.16666666666667,1,0,45332
454,1,4541,1,0,1,45411
454,2,4541,1,1,0,45412
454,1,4542,1,0,1,45421
454,2,4542,1,1,0,45422
454,1,4543,1,0,1,45431
454,2,4543,1.5,1,0,45432
456,1,4561,1.33333333333333,0,1,45611
456,2,4561,2.33333333333333,1,0,45612
456,1,4562,1,0,1,45621
456,2,4562,1.16666666666667,1,0,45622
456,1,4563,1.5,0,1,45631
456,2,4563,1,1,0,45632
457,1,4571,1.5,0,1,45711
457,2,4571,1.33333333333333,1,0,45712
457,1,4572,2.16666666666667,0,1,45721
457,2,4572,1.5,1,0,45722
457,1,4573,2.16666666666667,0,1,45731
457,2,4573,1.16666666666667,1,0,45732
458,1,4581,2,0,1,45811
458,2,4581,1.5,1,0,45812
458,1,4582,3.16666666666667,0,1,45821
458,2,4582,1.66666666666667,1,0,45822
458,1,4583,1.66666666666667,0,1,45831
458,2,4583,1.66666666666667,1,0,45832
460,1,4601,3.16666666666667,0,1,46011
460,2,4601,1.83333333333333,1,0,46012
460,1,4602,2.16666666666667,0,1,46021
460,2,4602,1,1,0,46022
460,1,4603,3.16666666666667,0,1,46031
460,2,4603,1,1,0,46032
461,1,4611,1.66666666666667,0,1,46111
461,2,4611,1,1,0,46112
461,1,4612,1,0,1,46121
461,2,4612,1,1,0,46122
461,1,4613,1,0,1,46131
461,2,4613,1,1,0,46132
463,1,4631,1.33333333333333,0,1,46311
463,2,4631,3.33333333333333,1,0,46312
463,1,4632,1.16666666666667,0,1,46321
463,2,4632,1,1,0,46322
463,1,4633,1,0,1,46331
463,2,4633,1,1,0,46332
464,1,4641,1,0,1,46411
464,2,4641,1,1,0,46412
464,1,4642,1,0,1,46421
464,2,4642,1,1,0,46422
464,1,4643,1,0,1,46431
464,2,4643,1,1,0,46432
467,1,4671,3.83333333333333,0,1,46711
467,2,4671,3.33333333333333,1,0,46712
467,1,4672,2.16666666666667,0,1,46721
467,2,4672,1.66666666666667,1,0,46722
467,1,4673,1.33333333333333,0,1,46731
467,2,4673,1.16666666666667,1,0,46732
468,1,4681,1.16666666666667,0,1,46811
468,2,4681,3.16666666666667,1,0,46812
468,1,4682,1.33333333333333,0,1,46821
468,2,4682,2.16666666666667,1,0,46822
468,1,4683,2.33333333333333,0,1,46831
468,2,4683,3,1,0,46832
469,1,4691,2.83333333333333,0,1,46911
469,2,4691,1.5,1,0,46912
469,1,4692,2.33333333333333,0,1,46921
469,2,4692,1,1,0,46922
469,1,4693,3,0,1,46931
469,2,4693,1.5,1,0,46932
470,1,4701,1.16666666666667,0,1,47011
470,2,4701,1,1,0,47012
470,1,4702,2.33333333333333,0,1,47021
470,2,4702,1.33333333333333,1,0,47022
470,1,4703,2.16666666666667,0,1,47031
470,2,4703,1,1,0,47032
472,1,4721,1,0,1,47211
472,2,4721,1.5,1,0,47212
472,1,4722,1.33333333333333,0,1,47221
472,2,4722,1.66666666666667,1,0,47222
472,1,4723,1,0,1,47231
472,2,4723,1,1,0,47232
473,1,4731,2.83333333333333,0,1,47311
473,2,4731,3,1,0,47312
473,1,4732,1.5,0,1,47321
473,2,4732,1,1,0,47322
473,1,4733,2.33333333333333,0,1,47331
473,2,4733,1.16666666666667,1,0,47332
474,1,4741,1.5,0,1,47411
474,2,4741,1.83333333333333,1,0,47412
474,1,4742,1.66666666666667,0,1,47421
474,2,4742,1,1,0,47422
474,1,4743,1.5,0,1,47431
474,2,4743,1,1,0,47432
475,1,4751,4,0,1,47511
475,2,4751,2.5,1,0,47512
475,1,4752,1,0,1,47521
475,2,4752,2.66666666666667,1,0,47522
475,1,4753,1,0,1,47531
475,2,4753,1,1,0,47532
476,1,4761,1,0,1,47611
476,2,4761,1.16666666666667,1,0,47612
476,1,4762,1.83333333333333,0,1,47621
476,2,4762,1,1,0,47622
476,1,4763,2.66666666666667,0,1,47631
476,2,4763,2.16666666666667,1,0,47632
478,1,4781,3.5,0,1,47811
478,2,4781,3.66666666666667,1,0,47812
478,1,4782,1.16666666666667,0,1,47821
478,2,4782,2,1,0,47822
478,1,4783,4,0,1,47831
478,2,4783,1.16666666666667,1,0,47832
481,1,4811,1,0,1,48111
481,2,4811,1,1,0,48112
481,1,4812,1,0,1,48121
481,2,4812,1.33333333333333,1,0,48122
481,1,4813,2.16666666666667,0,1,48131
481,2,4813,1.5,1,0,48132
482,1,4821,1.66666666666667,0,1,48211
482,2,4821,3.16666666666667,1,0,48212
482,1,4822,1.83333333333333,0,1,48221
482,2,4822,1,1,0,48222
482,1,4823,1,0,1,48231
482,2,4823,1.5,1,0,48232
484,1,4841,2,0,1,48411
484,2,4841,2.16666666666667,1,0,48412
484,1,4842,2,0,1,48421
484,2,4842,3.33333333333333,1,0,48422
484,1,4843,2,0,1,48431
484,2,4843,1.33333333333333,1,0,48432
485,1,4851,2,0,1,48511
485,2,4851,1,1,0,48512
485,1,4852,2.16666666666667,0,1,48521
485,2,4852,1,1,0,48522
485,1,4853,2.33333333333333,0,1,48531
485,2,4853,2.16666666666667,1,0,48532
486,1,4861,3.5,0,1,48611
486,2,4861,2.66666666666667,1,0,48612
486,1,4862,3.33333333333333,0,1,48621
486,2,4862,2.66666666666667,1,0,48622
486,1,4863,2.33333333333333,0,1,48631
486,2,4863,2.89508928571429,1,0,48632
487,1,4871,1.66666666666667,0,1,48711
487,2,4871,2.33333333333333,1,0,48712
487,1,4872,1.53807471264368,0,1,48721
487,2,4872,1.66666666666667,1,0,48722
487,1,4873,1.33333333333333,0,1,48731
487,2,4873,2.66666666666667,1,0,48732
488,1,4881,1,0,1,48811
488,2,4881,1,1,0,48812
488,1,4882,1,0,1,48821
488,2,4882,1,1,0,48822
488,1,4883,1.16666666666667,0,1,48831
488,2,4883,1,1,0,48832
489,1,4891,1,0,1,48911
489,2,4891,4,1,0,48912
489,1,4892,1.16666666666667,0,1,48921
489,2,4892,1.66666666666667,1,0,48922
489,1,4893,1.5,0,1,48931
489,2,4893,1.16666666666667,1,0,48932
491,1,4911,1,0,1,49111
491,2,4911,1.66666666666667,1,0,49112
491,1,4912,1.33333333333333,0,1,49121
491,2,4912,1.66666666666667,1,0,49122
491,1,4913,2.16666666666667,0,1,49131
491,2,4913,1.33333333333333,1,0,49132
494,1,4941,2,0,1,49411
494,2,4941,2.5,1,0,49412
494,1,4942,1.66666666666667,0,1,49421
494,2,4942,2,1,0,49422
494,1,4943,1.83333333333333,0,1,49431
494,2,4943,1.5,1,0,49432
496,1,4961,2.33333333333333,0,1,49611
496,2,4961,2.5,1,0,49612
496,1,4962,2.16666666666667,0,1,49621
496,2,4962,1,1,0,49622
496,1,4963,1.83333333333333,0,1,49631
496,2,4963,3.83333333333333,1,0,49632
497,1,4971,1,0,1,49711
497,2,4971,2.16666666666667,1,0,49712
497,1,4972,2.83333333333333,0,1,49721
497,2,4972,1.5,1,0,49722
497,1,4973,1.66666666666667,0,1,49731
497,2,4973,1.83333333333333,1,0,49732
498,1,4981,1,0,1,49811
498,2,4981,1.83333333333333,1,0,49812
498,1,4982,2.33333333333333,0,1,49821
498,2,4982,1,1,0,49822
498,1,4983,2.66666666666667,0,1,49831
498,2,4983,1.5,1,0,49832
503,1,5031,2.5,0,1,50311
503,2,5031,2,1,0,50312
503,1,5032,1,0,1,50321
503,2,5032,1,1,0,50322
503,1,5033,1,0,1,50331
503,2,5033,1.16666666666667,1,0,50332
505,1,5051,3.5,0,1,50511
505,2,5051,2.16666666666667,1,0,50512
505,1,5052,3.83333333333333,0,1,50521
505,2,5052,3.66666666666667,1,0,50522
505,1,5053,1.66666666666667,0,1,50531
505,2,5053,3,1,0,50532
506,1,5061,2.16666666666667,0,1,50611
506,2,5061,4.16666666666667,1,0,50612
506,1,5062,2.33333333333333,0,1,50621
506,2,5062,2.83333333333333,1,0,50622
506,1,5063,1.33333333333333,0,1,50631
506,2,5063,2.5,1,0,50632
507,1,5071,1,0,1,50711
507,2,5071,1,1,0,50712
507,1,5072,3.33333333333333,0,1,50721
507,2,5072,2.83333333333333,1,0,50722
507,1,5073,3.16666666666667,0,1,50731
507,2,5073,2.33333333333333,1,0,50732
509,1,5091,1.66666666666667,0,1,50911
509,2,5091,1.66666666666667,1,0,50912
509,1,5092,3,0,1,50921
509,2,5092,1,1,0,50922
509,1,5093,4.16666666666667,0,1,50931
509,2,5093,2.16666666666667,1,0,50932
510,1,5101,1.83333333333333,0,1,51011
510,2,5101,1.5,1,0,51012
510,1,5102,1,0,1,51021
510,2,5102,1,1,0,51022
510,1,5103,1,0,1,51031
510,2,5103,2,1,0,51032
511,1,5111,1.16666666666667,0,1,51111
511,2,5111,2,1,0,51112
511,1,5112,1,0,1,51121
511,2,5112,1.16666666666667,1,0,51122
511,1,5113,1.66666666666667,0,1,51131
511,2,5113,1,1,0,51132
512,1,5121,1.5,0,1,51211
512,2,5121,1.33333333333333,1,0,51212
512,1,5122,2.16666666666667,0,1,51221
512,2,5122,1.5,1,0,51222
512,1,5123,1.16666666666667,0,1,51231
512,2,5123,1.26264880952381,1,0,51232
513,1,5131,1.16666666666667,0,1,51311
513,2,5131,1.33333333333333,1,0,51312
513,1,5132,1.16666666666667,0,1,51321
513,2,5132,1,1,0,51322
513,1,5133,1,0,1,51331
513,2,5133,2.66666666666667,1,0,51332
515,1,5151,1,0,1,51511
515,2,5151,2.83333333333333,1,0,51512
515,1,5152,1,0,1,51521
515,2,5152,1,1,0,51522
515,1,5153,2.83333333333333,0,1,51531
515,2,5153,2.16666666666667,1,0,51532
519,1,5191,2.83333333333333,0,1,51911
519,2,5191,3.33333333333333,1,0,51912
519,1,5192,1,0,1,51921
519,2,5192,1.16666666666667,1,0,51922
519,1,5193,1,0,1,51931
519,2,5193,1.16666666666667,1,0,51932
521,1,5211,3.66666666666667,0,1,52111
521,2,5211,2.5,1,0,52112
521,1,5212,2.16666666666667,0,1,52121
521,2,5212,2.92649199417758,1,0,52122
521,1,5213,1.16666666666667,0,1,52131
521,2,5213,1.49626307922272,1,0,52132
524,1,5241,4.33333333333333,0,1,52411
524,2,5241,2,1,0,52412
524,1,5242,2.66666666666667,0,1,52421
524,2,5242,2.5,1,0,52422
524,1,5243,1.66666666666667,0,1,52431
524,2,5243,2.33333333333333,1,0,52432
525,1,5251,1,0,1,52511
525,2,5251,1.66666666666667,1,0,52512
525,1,5252,2,0,1,52521
525,2,5252,1.16666666666667,1,0,52522
525,1,5253,1.66666666666667,0,1,52531
525,2,5253,2.66666666666667,1,0,52532
531,1,5311,3.16666666666667,0,1,53111
531,2,5311,2,1,0,53112
531,1,5312,2,0,1,53121
531,2,5312,2.83333333333333,1,0,53122
531,1,5313,1.5,0,1,53131
531,2,5313,2.16666666666667,1,0,53132
532,1,5321,1,0,1,53211
532,2,5321,1.66666666666667,1,0,53212
532,1,5322,1,0,1,53221
532,2,5322,1,1,0,53222
532,1,5323,1,0,1,53231
532,2,5323,1,1,0,53232
533,1,5331,2,0,1,53311
533,2,5331,4,1,0,53312
533,1,5332,2,0,1,53321
533,2,5332,2,1,0,53322
533,1,5333,2,0,1,53331
533,2,5333,2,1,0,53332
535,1,5351,1,0,1,53511
535,2,5351,1,1,0,53512
535,1,5352,1,0,1,53521
535,2,5352,1.16666666666667,1,0,53522
535,1,5353,1.66666666666667,0,1,53531
535,2,5353,2,1,0,53532
