"","focalid","role","dyadid","outcome","focalcode","partcode","obs"
"1",3,1,31,1,0,1,311
"2",3,2,31,1,1,0,312
"3",3,1,32,1.5,0,1,321
"4",3,2,32,1,1,0,322
"5",3,1,33,1.5,0,1,331
"6",3,2,33,3.83333333333333,1,0,332
"7",5,1,51,2.16666666666667,0,1,511
"8",5,2,51,2.33333333333333,1,0,512
"9",5,1,52,2,0,1,521
"10",5,2,52,3.5,1,0,522
"11",5,1,53,2.16666666666667,0,1,531
"12",5,2,53,2,1,0,532
"13",6,1,61,1.16666666666667,0,1,611
"14",6,2,61,1,1,0,612
"15",6,1,62,1.33333333333333,0,1,621
"16",6,2,62,1.16666666666667,1,0,622
"17",6,1,63,1,0,1,631
"18",6,2,63,3.66666666666667,1,0,632
"19",8,1,81,3.33333333333333,0,1,811
"20",8,2,81,1.16666666666667,1,0,812
"21",8,1,82,2.16666666666667,0,1,821
"22",8,2,82,2.33333333333333,1,0,822
"23",8,1,83,3.16666666666667,0,1,831
"24",8,2,83,2.32959641255605,1,0,832
"25",10,1,101,1.16666666666667,0,1,1011
"26",10,2,101,1.33333333333333,1,0,1012
"27",10,1,102,1,0,1,1021
"28",10,2,102,1,1,0,1022
"29",10,1,103,1,0,1,1031
"30",10,2,103,2,1,0,1032
"31",13,1,131,1.5,0,1,1311
"32",13,2,131,2.83333333333333,1,0,1312
"33",13,1,132,1.83333333333333,0,1,1321
"34",13,2,132,1.33333333333333,1,0,1322
"35",13,1,133,2,0,1,1331
"36",13,2,133,2,1,0,1332
"37",14,1,141,1,0,1,1411
"38",14,2,141,2,1,0,1412
"39",14,1,142,1,0,1,1421
"40",14,2,142,1.5,1,0,1422
"41",14,1,143,1.16666666666667,0,1,1431
"42",14,2,143,1.66666666666667,1,0,1432
"43",18,1,181,1,0,1,1811
"44",18,2,181,1,1,0,1812
"45",18,1,182,1,0,1,1821
"46",18,2,182,1,1,0,1822
"47",18,1,183,1,0,1,1831
"48",18,2,183,1.33333333333333,1,0,1832
"49",21,1,211,3.33333333333333,0,1,2111
"50",21,2,211,2.16666666666667,1,0,2112
"51",21,1,212,1.33333333333333,0,1,2121
"52",21,2,212,1,1,0,2122
"53",21,1,213,2.33333333333333,0,1,2131
"54",21,2,213,1,1,0,2132
"55",22,1,221,1.83333333333333,0,1,2211
"56",22,2,221,1.83333333333333,1,0,2212
"57",22,1,222,1.5,0,1,2221
"58",22,2,222,1,1,0,2222
"59",22,1,223,2.16666666666667,0,1,2231
"60",22,2,223,1.5,1,0,2232
"61",26,1,261,1,0,1,2611
"62",26,2,261,1.16666666666667,1,0,2612
"63",26,1,262,1,0,1,2621
"64",26,2,262,1,1,0,2622
"65",26,1,263,1,0,1,2631
"66",26,2,263,1,1,0,2632
"67",27,1,271,3.83333333333333,0,1,2711
"68",27,2,271,3,1,0,2712
"69",27,1,272,3.33333333333333,0,1,2721
"70",27,2,272,2,1,0,2722
"71",27,1,273,3.16666666666667,0,1,2731
"72",27,2,273,1.83333333333333,1,0,2732
"73",29,1,291,1.16666666666667,0,1,2911
"74",29,2,291,2,1,0,2912
"75",29,1,292,1.16666666666667,0,1,2921
"76",29,2,292,1.5,1,0,2922
"77",29,1,293,1.16666666666667,0,1,2931
"78",29,2,293,2,1,0,2932
"79",33,1,331,2.33333333333333,0,1,3311
"80",33,2,331,1,1,0,3312
"81",33,1,332,1.66666666666667,0,1,3321
"82",33,2,332,1.83333333333333,1,0,3322
"83",33,1,333,1.83333333333333,0,1,3331
"84",33,2,333,1,1,0,3332
"85",34,1,341,1,0,1,3411
"86",34,2,341,1,1,0,3412
"87",34,1,342,1.5,0,1,3421
"88",34,2,342,1.33333333333333,1,0,3422
"89",34,1,343,1.16666666666667,0,1,3431
"90",34,2,343,1,1,0,3432
"91",35,1,351,1,0,1,3511
"92",35,2,351,1,1,0,3512
"93",35,1,352,1,0,1,3521
"94",35,2,352,1,1,0,3522
"95",35,1,353,1.16666666666667,0,1,3531
"96",35,2,353,1,1,0,3532
"97",36,1,361,1.66666666666667,0,1,3611
"98",36,2,361,3.16666666666667,1,0,3612
"99",36,1,362,1.83333333333333,0,1,3621
"100",36,2,362,1,1,0,3622
"101",36,1,363,1,0,1,3631
"102",36,2,363,1,1,0,3632
"103",38,1,381,2.16666666666667,0,1,3811
"104",38,2,381,3,1,0,3812
"105",38,1,382,2,0,1,3821
"106",38,2,382,1,1,0,3822
"107",38,1,383,2,0,1,3831
"108",38,2,383,2.5,1,0,3832
"109",39,1,391,1.16666666666667,0,1,3911
"110",39,2,391,2.16666666666667,1,0,3912
"111",39,1,392,1,0,1,3921
"112",39,2,392,1,1,0,3922
"113",39,1,393,2.33333333333333,0,1,3931
"114",39,2,393,1,1,0,3932
"115",40,1,401,2.5,0,1,4011
"116",40,2,401,4.33333333333333,1,0,4012
"117",40,1,402,1.87140804597701,0,1,4021
"118",40,2,402,1.66666666666667,1,0,4022
"119",40,1,403,1,0,1,4031
"120",40,2,403,2.16666666666667,1,0,4032
"121",42,1,421,1.5,0,1,4211
"122",42,2,421,1.33333333333333,1,0,4212
"123",42,1,422,2.5,0,1,4221
"124",42,2,422,1.83333333333333,1,0,4222
"125",42,1,423,1.5,0,1,4231
"126",42,2,423,2.16666666666667,1,0,4232
"127",44,1,441,2.33333333333333,0,1,4411
"128",44,2,441,1,1,0,4412
"129",44,1,442,2.33333333333333,0,1,4421
"130",44,2,442,1,1,0,4422
"131",44,1,443,2.66666666666667,0,1,4431
"132",44,2,443,2.33333333333333,1,0,4432
"133",47,1,471,1.16666666666667,0,1,4711
"134",47,2,471,1.5,1,0,4712
"135",47,1,472,1,0,1,4721
"136",47,2,472,1,1,0,4722
"137",47,1,473,1.33333333333333,0,1,4731
"138",47,2,473,1.83333333333333,1,0,4732
"139",55,1,551,1,0,1,5511
"140",55,2,551,2,1,0,5512
"141",55,1,552,1.33333333333333,0,1,5521
"142",55,2,552,1,1,0,5522
"143",55,1,553,1.16666666666667,0,1,5531
"144",55,2,553,1,1,0,5532
"145",58,1,581,1,0,1,5811
"146",58,2,581,1,1,0,5812
"147",58,1,582,1.66666666666667,0,1,5821
"148",58,2,582,1.33333333333333,1,0,5822
"149",58,1,583,1.16666666666667,0,1,5831
"150",58,2,583,1.16666666666667,1,0,5832
"151",59,1,591,2.16666666666667,0,1,5911
"152",59,2,591,2.16666666666667,1,0,5912
"153",59,1,592,2.16666666666667,0,1,5921
"154",59,2,592,1.66666666666667,1,0,5922
"155",59,1,593,1.83333333333333,0,1,5931
"156",59,2,593,1.5,1,0,5932
"157",60,1,601,1.33333333333333,0,1,6011
"158",60,2,601,1.16666666666667,1,0,6012
"159",60,1,602,1.66666666666667,0,1,6021
"160",60,2,602,1,1,0,6022
"161",60,1,603,1.33333333333333,0,1,6031
"162",60,2,603,1.66666666666667,1,0,6032
"163",61,1,611,2.33333333333333,0,1,6111
"164",61,2,611,2.16666666666667,1,0,6112
"165",61,1,612,2.83333333333333,0,1,6121
"166",61,2,612,1.16666666666667,1,0,6122
"167",61,1,613,4.66666666666667,0,1,6131
"168",61,2,613,3,1,0,6132
"169",62,1,621,1,0,1,6211
"170",62,2,621,1.66666666666667,1,0,6212
"171",62,1,622,1,0,1,6221
"172",62,2,622,1.16666666666667,1,0,6222
"173",62,1,623,2.16666666666667,0,1,6231
"174",62,2,623,1.16666666666667,1,0,6232
"175",64,1,641,2,0,1,6411
"176",64,2,641,2.33333333333333,1,0,6412
"177",64,1,642,2.83333333333333,0,1,6421
"178",64,2,642,2,1,0,6422
"179",64,1,643,2.16666666666667,0,1,6431
"180",64,2,643,1,1,0,6432
"181",65,1,651,1.5,0,1,6511
"182",65,2,651,2.66666666666667,1,0,6512
"183",65,1,652,1.16666666666667,0,1,6521
"184",65,2,652,1,1,0,6522
"185",65,1,653,2.16666666666667,0,1,6531
"186",65,2,653,1.66666666666667,1,0,6532
"187",66,1,661,1.33333333333333,0,1,6611
"188",66,2,661,1,1,0,6612
"189",66,1,662,3.33333333333333,0,1,6621
"190",66,2,662,1.83333333333333,1,0,6622
"191",66,1,663,1.33333333333333,0,1,6631
"192",66,2,663,1.33333333333333,1,0,6632
"193",67,1,671,2.16666666666667,0,1,6711
"194",67,2,671,3,1,0,6712
"195",67,1,672,2,0,1,6721
"196",67,2,672,1.16666666666667,1,0,6722
"197",67,1,673,2,0,1,6731
"198",67,2,673,1.5,1,0,6732
"199",69,1,691,1,0,1,6911
"200",69,2,691,1.66666666666667,1,0,6912
"201",69,1,692,2,0,1,6921
"202",69,2,692,1.83333333333333,1,0,6922
"203",69,1,693,1,0,1,6931
"204",69,2,693,3.5,1,0,6932
"205",71,1,711,2.16666666666667,0,1,7111
"206",71,2,711,1,1,0,7112
"207",71,1,712,1.33333333333333,0,1,7121
"208",71,2,712,2.16666666666667,1,0,7122
"209",71,1,713,1.5,0,1,7131
"210",71,2,713,1,1,0,7132
"211",75,1,751,1.5,0,1,7511
"212",75,2,751,1.16666666666667,1,0,7512
"213",75,1,752,1,0,1,7521
"214",75,2,752,1,1,0,7522
"215",75,1,753,1.33333333333333,0,1,7531
"216",75,2,753,3.83333333333333,1,0,7532
"217",79,1,791,2.5,0,1,7911
"218",79,2,791,2.5,1,0,7912
"219",79,1,792,1.66666666666667,0,1,7921
"220",79,2,792,1.5,1,0,7922
"221",79,1,793,1,0,1,7931
"222",79,2,793,1.66666666666667,1,0,7932
"223",80,1,801,1,0,1,8011
"224",80,2,801,1,1,0,8012
"225",80,1,802,1,0,1,8021
"226",80,2,802,1,1,0,8022
"227",80,1,803,1,0,1,8031
"228",80,2,803,1,1,0,8032
"229",82,1,821,4.5,0,1,8211
"230",82,2,821,1,1,0,8212
"231",82,1,822,3.5,0,1,8221
"232",82,2,822,1,1,0,8222
"233",82,1,823,3.66666666666667,0,1,8231
"234",82,2,823,3,1,0,8232
"235",85,1,851,3,0,1,8511
"236",85,2,851,4.66666666666667,1,0,8512
"237",85,1,852,2.5,0,1,8521
"238",85,2,852,1.16666666666667,1,0,8522
"239",85,1,853,2.5,0,1,8531
"240",85,2,853,1,1,0,8532
"241",86,1,861,1,0,1,8611
"242",86,2,861,1.16666666666667,1,0,8612
"243",86,1,862,1.5,0,1,8621
"244",86,2,862,2,1,0,8622
"245",86,1,863,1,0,1,8631
"246",86,2,863,2.16666666666667,1,0,8632
"247",89,1,891,3,0,1,8911
"248",89,2,891,1.33333333333333,1,0,8912
"249",89,1,892,1.33333333333333,0,1,8921
"250",89,2,892,2,1,0,8922
"251",89,1,893,2.66666666666667,0,1,8931
"252",89,2,893,2.33333333333333,1,0,8932
"253",91,1,911,1,0,1,9111
"254",91,2,911,1.16666666666667,1,0,9112
"255",91,1,912,1.83333333333333,0,1,9121
"256",91,2,912,3.5,1,0,9122
"257",91,1,913,2.33333333333333,0,1,9131
"258",91,2,913,2,1,0,9132
"259",93,1,931,2,0,1,9311
"260",93,2,931,1.33333333333333,1,0,9312
"261",93,1,932,2,0,1,9321
"262",93,2,932,1.16666666666667,1,0,9322
"263",93,1,933,1.66666666666667,0,1,9331
"264",93,2,933,3.16666666666667,1,0,9332
"265",94,1,941,1,0,1,9411
"266",94,2,941,2.16666666666667,1,0,9412
"267",94,1,942,1.5,0,1,9421
"268",94,2,942,1.16666666666667,1,0,9422
"269",94,1,943,1.33333333333333,0,1,9431
"270",94,2,943,3.5,1,0,9432
"271",96,1,961,4,0,1,9611
"272",96,2,961,2.16666666666667,1,0,9612
"273",96,1,962,1.16666666666667,0,1,9621
"274",96,2,962,1.5,1,0,9622
"275",96,1,963,2,0,1,9631
"276",96,2,963,2.33333333333333,1,0,9632
"277",99,1,991,1,0,1,9911
"278",99,2,991,1,1,0,9912
"279",99,1,992,1.16666666666667,0,1,9921
"280",99,2,992,1,1,0,9922
"281",99,1,993,1.83333333333333,0,1,9931
"282",99,2,993,1.66666666666667,1,0,9932
"283",100,1,1001,1.16666666666667,0,1,10011
"284",100,2,1001,1,1,0,10012
"285",100,1,1002,3.5,0,1,10021
"286",100,2,1002,2,1,0,10022
"287",100,1,1003,2.16666666666667,0,1,10031
"288",100,2,1003,1,1,0,10032
"289",102,1,1021,2.33333333333333,0,1,10211
"290",102,2,1021,1.5,1,0,10212
"291",102,1,1022,1.5,0,1,10221
"292",102,2,1022,1,1,0,10222
"293",102,1,1023,2,0,1,10231
"294",102,2,1023,1.16666666666667,1,0,10232
"295",105,1,1051,1,0,1,10511
"296",105,2,1051,2,1,0,10512
"297",105,1,1052,1,0,1,10521
"298",105,2,1052,1.16666666666667,1,0,10522
"299",105,1,1053,1.83333333333333,0,1,10531
"300",105,2,1053,1.5,1,0,10532
"301",108,1,1081,2,0,1,10811
"302",108,2,1081,1,1,0,10812
"303",108,1,1082,1.66666666666667,0,1,10821
"304",108,2,1082,1,1,0,10822
"305",108,1,1083,1.83333333333333,0,1,10831
"306",108,2,1083,1.16666666666667,1,0,10832
"307",110,1,1101,1.83333333333333,0,1,11011
"308",110,2,1101,1,1,0,11012
"309",110,1,1102,2,0,1,11021
"310",110,2,1102,1,1,0,11022
"311",110,1,1103,3.5,0,1,11031
"312",110,2,1103,2,1,0,11032
"313",111,1,1111,1.66666666666667,0,1,11111
"314",111,2,1111,2,1,0,11112
"315",111,1,1112,1,0,1,11121
"316",111,2,1112,1.16666666666667,1,0,11122
"317",111,1,1113,1.16666666666667,0,1,11131
"318",111,2,1113,1.16666666666667,1,0,11132
"319",112,1,1121,3.5,0,1,11211
"320",112,2,1121,2.16666666666667,1,0,11212
"321",112,1,1122,1.5,0,1,11221
"322",112,2,1122,2.16666666666667,1,0,11222
"323",112,1,1123,1.83333333333333,0,1,11231
"324",112,2,1123,1.5,1,0,11232
"325",113,1,1131,1,0,1,11311
"326",113,2,1131,2.83333333333333,1,0,11312
"327",113,1,1132,1.66666666666667,0,1,11321
"328",113,2,1132,2.16666666666667,1,0,11322
"329",113,1,1133,1,0,1,11331
"330",113,2,1133,1.16666666666667,1,0,11332
"331",114,1,1141,2.33333333333333,0,1,11411
"332",114,2,1141,1.16666666666667,1,0,11412
"333",114,1,1142,1,0,1,11421
"334",114,2,1142,1,1,0,11422
"335",114,1,1143,1,0,1,11431
"336",114,2,1143,1,1,0,11432
"337",118,1,1181,1.83333333333333,0,1,11811
"338",118,2,1181,1.16666666666667,1,0,11812
"339",118,1,1182,1.5,0,1,11821
"340",118,2,1182,1,1,0,11822
"341",118,1,1183,2,0,1,11831
"342",118,2,1183,1,1,0,11832
"343",120,1,1201,1.16666666666667,0,1,12011
"344",120,2,1201,3,1,0,12012
"345",120,1,1202,1.66666666666667,0,1,12021
"346",120,2,1202,1.33333333333333,1,0,12022
"347",120,1,1203,1.5,0,1,12031
"348",120,2,1203,1.16666666666667,1,0,12032
"349",125,1,1251,1.83333333333333,0,1,12511
"350",125,2,1251,2.5,1,0,12512
"351",125,1,1252,1,0,1,12521
"352",125,2,1252,1.16666666666667,1,0,12522
"353",125,1,1253,1,0,1,12531
"354",125,2,1253,1.5,1,0,12532
"355",138,1,1381,1,0,1,13811
"356",138,2,1381,1.66666666666667,1,0,13812
"357",138,1,1382,2.66666666666667,0,1,13821
"358",138,2,1382,2.33333333333333,1,0,13822
"359",138,1,1383,1.83333333333333,0,1,13831
"360",138,2,1383,2.83333333333333,1,0,13832
"361",142,1,1421,2,0,1,14211
"362",142,2,1421,1,1,0,14212
"363",142,1,1422,2,0,1,14221
"364",142,2,1422,1,1,0,14222
"365",142,1,1423,1.83333333333333,0,1,14231
"366",142,2,1423,1.33333333333333,1,0,14232
"367",148,1,1481,1.5,0,1,14811
"368",148,2,1481,1.16666666666667,1,0,14812
"369",148,1,1482,1.16666666666667,0,1,14821
"370",148,2,1482,1.16666666666667,1,0,14822
"371",148,1,1483,2.5,0,1,14831
"372",148,2,1483,1.66666666666667,1,0,14832
"373",153,1,1531,1.66666666666667,0,1,15311
"374",153,2,1531,1.16666666666667,1,0,15312
"375",153,1,1532,1.83333333333333,0,1,15321
"376",153,2,1532,1.33333333333333,1,0,15322
"377",153,1,1533,2.5,0,1,15331
"378",153,2,1533,2,1,0,15332
"379",155,1,1551,2,0,1,15511
"380",155,2,1551,5,1,0,15512
"381",155,1,1552,2.66666666666667,0,1,15521
"382",155,2,1552,1.66666666666667,1,0,15522
"383",155,1,1553,2,0,1,15531
"384",155,2,1553,1.33333333333333,1,0,15532
"385",160,1,1601,2.16666666666667,0,1,16011
"386",160,2,1601,1,1,0,16012
"387",160,1,1602,1.83333333333333,0,1,16021
"388",160,2,1602,1,1,0,16022
"389",160,1,1603,1.83333333333333,0,1,16031
"390",160,2,1603,1,1,0,16032
"391",161,1,1611,3,0,1,16111
"392",161,2,1611,3,1,0,16112
"393",161,1,1612,1.5,0,1,16121
"394",161,2,1612,1,1,0,16122
"395",161,1,1613,3.66666666666667,0,1,16131
"396",161,2,1613,1.66666666666667,1,0,16132
"397",165,1,1651,1,0,1,16511
"398",165,2,1651,1.16666666666667,1,0,16512
"399",165,1,1652,1.33333333333333,0,1,16521
"400",165,2,1652,1,1,0,16522
"401",165,1,1653,3.66666666666667,0,1,16531
"402",165,2,1653,3.42261904761905,1,0,16532
"403",166,1,1661,3,0,1,16611
"404",166,2,1661,1,1,0,16612
"405",166,1,1662,3.16666666666667,0,1,16621
"406",166,2,1662,2.5,1,0,16622
"407",166,1,1663,3.66666666666667,0,1,16631
"408",166,2,1663,1.5,1,0,16632
"409",168,1,1681,3.83333333333333,0,1,16811
"410",168,2,1681,3,1,0,16812
"411",168,1,1682,1.16666666666667,0,1,16821
"412",168,2,1682,1.33333333333333,1,0,16822
"413",168,1,1683,2.5,0,1,16831
"414",168,2,1683,3,1,0,16832
"415",170,1,1701,1.33333333333333,0,1,17011
"416",170,2,1701,3.16666666666667,1,0,17012
"417",170,1,1702,1.16666666666667,0,1,17021
"418",170,2,1702,1.33333333333333,1,0,17022
"419",170,1,1703,1.66666666666667,0,1,17031
"420",170,2,1703,1.83333333333333,1,0,17032
"421",171,1,1711,3.16666666666667,0,1,17111
"422",171,2,1711,2.5,1,0,17112
"423",171,1,1712,2.83333333333333,0,1,17121
"424",171,2,1712,1.33333333333333,1,0,17122
"425",171,1,1713,2.83333333333333,0,1,17131
"426",171,2,1713,2,1,0,17132
"427",179,1,1791,1.33333333333333,0,1,17911
"428",179,2,1791,1.33333333333333,1,0,17912
"429",179,1,1792,1.5,0,1,17921
"430",179,2,1792,1.33333333333333,1,0,17922
"431",179,1,1793,1.5,0,1,17931
"432",179,2,1793,1.66666666666667,1,0,17932
"433",182,1,1821,1.5,0,1,18211
"434",182,2,1821,1.66666666666667,1,0,18212
"435",182,1,1822,1.5,0,1,18221
"436",182,2,1822,1.33333333333333,1,0,18222
"437",182,1,1823,2.16666666666667,0,1,18231
"438",182,2,1823,1.5,1,0,18232
"439",183,1,1831,3,0,1,18311
"440",183,2,1831,2.16666666666667,1,0,18312
"441",183,1,1832,2.83333333333333,0,1,18321
"442",183,2,1832,1,1,0,18322
"443",183,1,1833,1.5,0,1,18331
"444",183,2,1833,1.66666666666667,1,0,18332
"445",193,1,1931,1,0,1,19311
"446",193,2,1931,1,1,0,19312
"447",193,1,1932,1.66666666666667,0,1,19321
"448",193,2,1932,1,1,0,19322
"449",193,1,1933,1,0,1,19331
"450",193,2,1933,1,1,0,19332
"451",194,1,1941,2.16666666666667,0,1,19411
"452",194,2,1941,1.16666666666667,1,0,19412
"453",194,1,1942,1.5,0,1,19421
"454",194,2,1942,1.83333333333333,1,0,19422
"455",194,1,1943,1.16666666666667,0,1,19431
"456",194,2,1943,1.83333333333333,1,0,19432
"457",197,1,1971,2.16666666666667,0,1,19711
"458",197,2,1971,3.83333333333333,1,0,19712
"459",197,1,1972,1,0,1,19721
"460",197,2,1972,2.66666666666667,1,0,19722
"461",197,1,1973,2.83333333333333,0,1,19731
"462",197,2,1973,2.66666666666667,1,0,19732
"463",198,1,1981,1,0,1,19811
"464",198,2,1981,1,1,0,19812
"465",198,1,1982,1,0,1,19821
"466",198,2,1982,1,1,0,19822
"467",198,1,1983,1,0,1,19831
"468",198,2,1983,1.33333333333333,1,0,19832
"469",236,1,2361,1.92560801144492,0,1,23611
"470",236,2,2361,4.16666666666667,1,0,23612
"471",236,1,2362,1,0,1,23621
"472",236,2,2362,1.83333333333333,1,0,23622
"473",236,1,2363,3.83333333333333,0,1,23631
"474",236,2,2363,3.5,1,0,23632
"475",240,1,2401,2,0,1,24011
"476",240,2,2401,1,1,0,24012
"477",240,1,2402,2.33333333333333,0,1,24021
"478",240,2,2402,1,1,0,24022
"479",240,1,2403,2.5,0,1,24031
"480",240,2,2403,1.33333333333333,1,0,24032
"481",260,1,2601,1.5,0,1,26011
"482",260,2,2601,1.83333333333333,1,0,26012
"483",260,1,2602,1.33333333333333,0,1,26021
"484",260,2,2602,1,1,0,26022
"485",260,1,2603,1,0,1,26031
"486",260,2,2603,1.83333333333333,1,0,26032
"487",263,1,2631,2.16666666666667,0,1,26311
"488",263,2,2631,2,1,0,26312
"489",263,1,2632,2,0,1,26321
"490",263,2,2632,1,1,0,26322
"491",263,1,2633,2.33333333333333,0,1,26331
"492",263,2,2633,2.5,1,0,26332
"493",265,1,2651,1,0,1,26511
"494",265,2,2651,3.83333333333333,1,0,26512
"495",265,1,2652,1,0,1,26521
"496",265,2,2652,1,1,0,26522
"497",265,1,2653,1,0,1,26531
"498",265,2,2653,1.5,1,0,26532
"499",266,1,2661,1.83333333333333,0,1,26611
"500",266,2,2661,1,1,0,26612
"501",266,1,2662,2,0,1,26621
"502",266,2,2662,1.16666666666667,1,0,26622
"503",266,1,2663,1.83333333333333,0,1,26631
"504",266,2,2663,1.16666666666667,1,0,26632
"505",269,1,2691,1,0,1,26911
"506",269,2,2691,2,1,0,26912
"507",269,1,2692,1.33333333333333,0,1,26921
"508",269,2,2692,1,1,0,26922
"509",269,1,2693,1.5,0,1,26931
"510",269,2,2693,1,1,0,26932
"511",271,1,2711,1.66666666666667,0,1,27111
"512",271,2,2711,1.33333333333333,1,0,27112
"513",271,1,2712,1.16666666666667,0,1,27121
"514",271,2,2712,1,1,0,27122
"515",271,1,2713,1.66666666666667,0,1,27131
"516",271,2,2713,2,1,0,27132
"517",275,1,2751,1.66666666666667,0,1,27511
"518",275,2,2751,3.5,1,0,27512
"519",275,1,2752,1.16666666666667,0,1,27521
"520",275,2,2752,3.16666666666667,1,0,27522
"521",275,1,2753,1.33333333333333,0,1,27531
"522",275,2,2753,2.16666666666667,1,0,27532
"523",276,1,2761,1,0,1,27611
"524",276,2,2761,1.16666666666667,1,0,27612
"525",276,1,2762,2,0,1,27621
"526",276,2,2762,2,1,0,27622
"527",276,1,2763,2.33333333333333,0,1,27631
"528",276,2,2763,2.16666666666667,1,0,27632
"529",281,1,2811,2,0,1,28111
"530",281,2,2811,1.33333333333333,1,0,28112
"531",281,1,2812,1,0,1,28121
"532",281,2,2812,1,1,0,28122
"533",281,1,2813,1,0,1,28131
"534",281,2,2813,1,1,0,28132
"535",283,1,2831,1.33333333333333,0,1,28311
"536",283,2,2831,1,1,0,28312
"537",283,1,2832,1,0,1,28321
"538",283,2,2832,1,1,0,28322
"539",283,1,2833,1,0,1,28331
"540",283,2,2833,1,1,0,28332
"541",284,1,2841,2.16666666666667,0,1,28411
"542",284,2,2841,2.66666666666667,1,0,28412
"543",284,1,2842,2.5,0,1,28421
"544",284,2,2842,1.33333333333333,1,0,28422
"545",284,1,2843,3,0,1,28431
"546",284,2,2843,1.16666666666667,1,0,28432
"547",290,1,2901,2.83333333333333,0,1,29011
"548",290,2,2901,2.66666666666667,1,0,29012
"549",290,1,2902,2.16666666666667,0,1,29021
"550",290,2,2902,2.16666666666667,1,0,29022
"551",290,1,2903,3.33333333333333,0,1,29031
"552",290,2,2903,2.5,1,0,29032
"553",294,1,2941,1,0,1,29411
"554",294,2,2941,1.83333333333333,1,0,29412
"555",294,1,2942,1,0,1,29421
"556",294,2,2942,1.16666666666667,1,0,29422
"557",294,1,2943,1.5,0,1,29431
"558",294,2,2943,1.33333333333333,1,0,29432
"559",304,1,3041,1.83333333333333,0,1,30411
"560",304,2,3041,1.5,1,0,30412
"561",304,1,3042,1.5,0,1,30421
"562",304,2,3042,1.5,1,0,30422
"563",304,1,3043,2,0,1,30431
"564",304,2,3043,3.33333333333333,1,0,30432
"565",319,1,3191,1.83333333333333,0,1,31911
"566",319,2,3191,2,1,0,31912
"567",319,1,3192,2.5,0,1,31921
"568",319,2,3192,1.16666666666667,1,0,31922
"569",319,1,3193,2.66666666666667,0,1,31931
"570",319,2,3193,2.16666666666667,1,0,31932
"571",321,1,3211,1.16666666666667,0,1,32111
"572",321,2,3211,1.83333333333333,1,0,32112
"573",321,1,3212,1,0,1,32121
"574",321,2,3212,1,1,0,32122
"575",321,1,3213,1.16666666666667,0,1,32131
"576",321,2,3213,1.66666666666667,1,0,32132
"577",322,1,3221,1.33333333333333,0,1,32211
"578",322,2,3221,1.5,1,0,32212
"579",322,1,3222,1.33333333333333,0,1,32221
"580",322,2,3222,2.16666666666667,1,0,32222
"581",322,1,3223,1.16666666666667,0,1,32231
"582",322,2,3223,1.33333333333333,1,0,32232
"583",325,1,3251,1,0,1,32511
"584",325,2,3251,1.16666666666667,1,0,32512
"585",325,1,3252,1.5,0,1,32521
"586",325,2,3252,1.33333333333333,1,0,32522
"587",325,1,3253,1,0,1,32531
"588",325,2,3253,1,1,0,32532
"589",328,1,3281,1,0,1,32811
"590",328,2,3281,1.83333333333333,1,0,32812
"591",328,1,3282,1.16666666666667,0,1,32821
"592",328,2,3282,3.16666666666667,1,0,32822
"593",328,1,3283,1.33333333333333,0,1,32831
"594",328,2,3283,1.66666666666667,1,0,32832
"595",329,1,3291,3.5,0,1,32911
"596",329,2,3291,1,1,0,32912
"597",329,1,3292,2.5,0,1,32921
"598",329,2,3292,3.33333333333333,1,0,32922
"599",329,1,3293,2.16666666666667,0,1,32931
"600",329,2,3293,2,1,0,32932
"601",333,1,3331,2,0,1,33311
"602",333,2,3331,1.16666666666667,1,0,33312
"603",333,1,3332,2,0,1,33321
"604",333,2,3332,1,1,0,33322
"605",333,1,3333,2.16666666666667,0,1,33331
"606",333,2,3333,1,1,0,33332
"607",337,1,3371,1.16666666666667,0,1,33711
"608",337,2,3371,1,1,0,33712
"609",337,1,3372,2.83333333333333,0,1,33721
"610",337,2,3372,1.5,1,0,33722
"611",337,1,3373,2.33333333333333,0,1,33731
"612",337,2,3373,1.5,1,0,33732
"613",338,1,3381,1,0,1,33811
"614",338,2,3381,1,1,0,33812
"615",338,1,3382,1,0,1,33821
"616",338,2,3382,1.16666666666667,1,0,33822
"617",338,1,3383,1,0,1,33831
"618",338,2,3383,1.66666666666667,1,0,33832
"619",339,1,3391,1.16666666666667,0,1,33911
"620",339,2,3391,1.5,1,0,33912
"621",339,1,3392,1.33333333333333,0,1,33921
"622",339,2,3392,1.5,1,0,33922
"623",339,1,3393,1.66666666666667,0,1,33931
"624",339,2,3393,1,1,0,33932
"625",343,1,3431,2,0,1,34311
"626",343,2,3431,2.33333333333333,1,0,34312
"627",343,1,3432,2.83333333333333,0,1,34321
"628",343,2,3432,1.5,1,0,34322
"629",343,1,3433,3.33333333333333,0,1,34331
"630",343,2,3433,2.16666666666667,1,0,34332
"631",344,1,3441,2.33333333333333,0,1,34411
"632",344,2,3441,1.16666666666667,1,0,34412
"633",344,1,3442,2.16666666666667,0,1,34421
"634",344,2,3442,1.66666666666667,1,0,34422
"635",344,1,3443,2.16666666666667,0,1,34431
"636",344,2,3443,1.33333333333333,1,0,34432
"637",347,1,3471,4,0,1,34711
"638",347,2,3471,2.33333333333333,1,0,34712
"639",347,1,3472,3.66666666666667,0,1,34721
"640",347,2,3472,2.33333333333333,1,0,34722
"641",347,1,3473,2.5,0,1,34731
"642",347,2,3473,2.83333333333333,1,0,34732
"643",349,1,3491,1.66666666666667,0,1,34911
"644",349,2,3491,1,1,0,34912
"645",349,1,3492,2.16666666666667,0,1,34921
"646",349,2,3492,2.16666666666667,1,0,34922
"647",349,1,3493,1,0,1,34931
"648",349,2,3493,1.33333333333333,1,0,34932
"649",350,1,3501,1,0,1,35011
"650",350,2,3501,1,1,0,35012
"651",350,1,3502,1,0,1,35021
"652",350,2,3502,1,1,0,35022
"653",350,1,3503,2,0,1,35031
"654",350,2,3503,1,1,0,35032
"655",353,1,3531,2.83333333333333,0,1,35311
"656",353,2,3531,1.66666666666667,1,0,35312
"657",353,1,3532,1.5,0,1,35321
"658",353,2,3532,1.83333333333333,1,0,35322
"659",353,1,3533,3.66666666666667,0,1,35331
"660",353,2,3533,1.83333333333333,1,0,35332
"661",354,1,3541,2.66666666666667,0,1,35411
"662",354,2,3541,2.16666666666667,1,0,35412
"663",354,1,3542,2.33333333333333,0,1,35421
"664",354,2,3542,1.33333333333333,1,0,35422
"665",354,1,3543,2.33333333333333,0,1,35431
"666",354,2,3543,1.66666666666667,1,0,35432
"667",355,1,3551,1.5,0,1,35511
"668",355,2,3551,1.5,1,0,35512
"669",355,1,3552,2.33333333333333,0,1,35521
"670",355,2,3552,1.16666666666667,1,0,35522
"671",355,1,3553,1.16666666666667,0,1,35531
"672",355,2,3553,1.16666666666667,1,0,35532
"673",356,1,3561,4,0,1,35611
"674",356,2,3561,3.16666666666667,1,0,35612
"675",356,1,3562,3.33333333333333,0,1,35621
"676",356,2,3562,1.83333333333333,1,0,35622
"677",356,1,3563,1,0,1,35631
"678",356,2,3563,2,1,0,35632
"679",362,1,3621,1,0,1,36211
"680",362,2,3621,1.33333333333333,1,0,36212
"681",362,1,3622,1.33333333333333,0,1,36221
"682",362,2,3622,1.16666666666667,1,0,36222
"683",362,1,3623,1.83333333333333,0,1,36231
"684",362,2,3623,1,1,0,36232
"685",363,1,3631,2.16666666666667,0,1,36311
"686",363,2,3631,2.66666666666667,1,0,36312
"687",363,1,3632,2.16666666666667,0,1,36321
"688",363,2,3632,2,1,0,36322
"689",363,1,3633,1.33333333333333,0,1,36331
"690",363,2,3633,1,1,0,36332
"691",364,1,3641,1,0,1,36411
"692",364,2,3641,1.16666666666667,1,0,36412
"693",364,1,3642,1.33333333333333,0,1,36421
"694",364,2,3642,2.83333333333333,1,0,36422
"695",364,1,3643,1.66666666666667,0,1,36431
"696",364,2,3643,1.16666666666667,1,0,36432
"697",366,1,3661,1.16666666666667,0,1,36611
"698",366,2,3661,2.33333333333333,1,0,36612
"699",366,1,3662,2.16666666666667,0,1,36621
"700",366,2,3662,1.5,1,0,36622
"701",366,1,3663,3.16666666666667,0,1,36631
"702",366,2,3663,2,1,0,36632
"703",367,1,3671,1,0,1,36711
"704",367,2,3671,1.5,1,0,36712
"705",367,1,3672,1.33333333333333,0,1,36721
"706",367,2,3672,1,1,0,36722
"707",367,1,3673,1.83333333333333,0,1,36731
"708",367,2,3673,1,1,0,36732
"709",368,1,3681,1.16666666666667,0,1,36811
"710",368,2,3681,2.5,1,0,36812
"711",368,1,3682,1.33333333333333,0,1,36821
"712",368,2,3682,1.15866084425036,1,0,36822
"713",368,1,3683,1.33333333333333,0,1,36831
"714",368,2,3683,1.83333333333333,1,0,36832
"715",370,1,3701,1.66666666666667,0,1,37011
"716",370,2,3701,2,1,0,37012
"717",370,1,3702,2.83333333333333,0,1,37021
"718",370,2,3702,1.33333333333333,1,0,37022
"719",370,1,3703,2.33333333333333,0,1,37031
"720",370,2,3703,1.5,1,0,37032
"721",373,1,3731,1.33333333333333,0,1,37311
"722",373,2,3731,1.16666666666667,1,0,37312
"723",373,1,3732,1.16666666666667,0,1,37321
"724",373,2,3732,1,1,0,37322
"725",373,1,3733,2.66666666666667,0,1,37331
"726",373,2,3733,1.5,1,0,37332
"727",375,1,3751,1,0,1,37511
"728",375,2,3751,2,1,0,37512
"729",375,1,3752,2,0,1,37521
"730",375,2,3752,1,1,0,37522
"731",375,1,3753,1.16666666666667,0,1,37531
"732",375,2,3753,1.66666666666667,1,0,37532
"733",378,1,3781,3.16666666666667,0,1,37811
"734",378,2,3781,2.66666666666667,1,0,37812
"735",378,1,3782,2.5,0,1,37821
"736",378,2,3782,1.33333333333333,1,0,37822
"737",378,1,3783,1,0,1,37831
"738",378,2,3783,1,1,0,37832
"739",382,1,3821,1,0,1,38211
"740",382,2,3821,1.16666666666667,1,0,38212
"741",382,1,3822,1,0,1,38221
"742",382,2,3822,1.07971014492754,1,0,38222
"743",382,1,3823,2,0,1,38231
"744",382,2,3823,1.16666666666667,1,0,38232
"745",383,1,3831,2.5,0,1,38311
"746",383,2,3831,1,1,0,38312
"747",383,1,3832,1,0,1,38321
"748",383,2,3832,1.5,1,0,38322
"749",383,1,3833,1.66666666666667,0,1,38331
"750",383,2,3833,2.83333333333333,1,0,38332
"751",384,1,3841,4.5,0,1,38411
"752",384,2,3841,1.33333333333333,1,0,38412
"753",384,1,3842,1,0,1,38421
"754",384,2,3842,1.16666666666667,1,0,38422
"755",384,1,3843,1.16666666666667,0,1,38431
"756",384,2,3843,1.66666666666667,1,0,38432
"757",385,1,3851,2.5,0,1,38511
"758",385,2,3851,1.5,1,0,38512
"759",385,1,3852,1,0,1,38521
"760",385,2,3852,1,1,0,38522
"761",385,1,3853,2.66666666666667,0,1,38531
"762",385,2,3853,2.83333333333333,1,0,38532
"763",397,1,3971,1.66666666666667,0,1,39711
"764",397,2,3971,2,1,0,39712
"765",397,1,3972,1.16666666666667,0,1,39721
"766",397,2,3972,1,1,0,39722
"767",397,1,3973,1.66666666666667,0,1,39731
"768",397,2,3973,1.66666666666667,1,0,39732
"769",399,1,3991,1.66666666666667,0,1,39911
"770",399,2,3991,1.16666666666667,1,0,39912
"771",399,1,3992,1.5,0,1,39921
"772",399,2,3992,1.16666666666667,1,0,39922
"773",399,1,3993,1.16666666666667,0,1,39931
"774",399,2,3993,1.66666666666667,1,0,39932
"775",401,1,4011,2.16666666666667,0,1,40111
"776",401,2,4011,1.45833333333333,1,0,40112
"777",401,1,4012,3,0,1,40121
"778",401,2,4012,2.56550218340611,1,0,40122
"779",401,1,4013,3,0,1,40131
"780",401,2,4013,1.5,1,0,40132
"781",403,1,4031,1.83333333333333,0,1,40311
"782",403,2,4031,4,1,0,40312
"783",403,1,4032,2.16666666666667,0,1,40321
"784",403,2,4032,1,1,0,40322
"785",403,1,4033,1.16666666666667,0,1,40331
"786",403,2,4033,1.5,1,0,40332
"787",404,1,4041,1.66666666666667,0,1,40411
"788",404,2,4041,2.33333333333333,1,0,40412
"789",404,1,4042,1.66666666666667,0,1,40421
"790",404,2,4042,1.16666666666667,1,0,40422
"791",404,1,4043,1,0,1,40431
"792",404,2,4043,1,1,0,40432
"793",405,1,4051,2.33333333333333,0,1,40511
"794",405,2,4051,2,1,0,40512
"795",405,1,4052,1.83333333333333,0,1,40521
"796",405,2,4052,1.66666666666667,1,0,40522
"797",405,1,4053,1.33333333333333,0,1,40531
"798",405,2,4053,2.33333333333333,1,0,40532
"799",407,1,4071,3.66666666666667,0,1,40711
"800",407,2,4071,2.16666666666667,1,0,40712
"801",407,1,4072,2.16666666666667,0,1,40721
"802",407,2,4072,1,1,0,40722
"803",407,1,4073,2.66666666666667,0,1,40731
"804",407,2,4073,1,1,0,40732
"805",408,1,4081,1.16666666666667,0,1,40811
"806",408,2,4081,1.5,1,0,40812
"807",408,1,4082,1.33333333333333,0,1,40821
"808",408,2,4082,1.66666666666667,1,0,40822
"809",408,1,4083,1.33333333333333,0,1,40831
"810",408,2,4083,1,1,0,40832
"811",409,1,4091,1.5,0,1,40911
"812",409,2,4091,1.16666666666667,1,0,40912
"813",409,1,4092,3,0,1,40921
"814",409,2,4092,1.5,1,0,40922
"815",409,1,4093,2.5,0,1,40931
"816",409,2,4093,1.5,1,0,40932
"817",413,1,4131,1.33333333333333,0,1,41311
"818",413,2,4131,1.66666666666667,1,0,41312
"819",413,1,4132,1.33333333333333,0,1,41321
"820",413,2,4132,1.33333333333333,1,0,41322
"821",413,1,4133,1.83333333333333,0,1,41331
"822",413,2,4133,2.16666666666667,1,0,41332
"823",414,1,4141,2,0,1,41411
"824",414,2,4141,1.33333333333333,1,0,41412
"825",414,1,4142,2.33333333333333,0,1,41421
"826",414,2,4142,1.83333333333333,1,0,41422
"827",414,1,4143,2.66666666666667,0,1,41431
"828",414,2,4143,2,1,0,41432
"829",419,1,4191,1.83333333333333,0,1,41911
"830",419,2,4191,1.16666666666667,1,0,41912
"831",419,1,4192,1.5,0,1,41921
"832",419,2,4192,1,1,0,41922
"833",419,1,4193,2,0,1,41931
"834",419,2,4193,1.66666666666667,1,0,41932
"835",420,1,4201,1,0,1,42011
"836",420,2,4201,3.16666666666667,1,0,42012
"837",420,1,4202,1,0,1,42021
"838",420,2,4202,1.33333333333333,1,0,42022
"839",420,1,4203,1.33333333333333,0,1,42031
"840",420,2,4203,1,1,0,42032
"841",421,1,4211,1.16666666666667,0,1,42111
"842",421,2,4211,1,1,0,42112
"843",421,1,4212,1.16666666666667,0,1,42121
"844",421,2,4212,1,1,0,42122
"845",421,1,4213,2.33333333333333,0,1,42131
"846",421,2,4213,1.66666666666667,1,0,42132
"847",423,1,4231,1,0,1,42311
"848",423,2,4231,1,1,0,42312
"849",423,1,4232,1,0,1,42321
"850",423,2,4232,1.16666666666667,1,0,42322
"851",423,1,4233,1.83333333333333,0,1,42331
"852",423,2,4233,1,1,0,42332
"853",424,1,4241,1.33333333333333,0,1,42411
"854",424,2,4241,1.5,1,0,42412
"855",424,1,4242,1.16666666666667,0,1,42421
"856",424,2,4242,1,1,0,42422
"857",424,1,4243,1.83333333333333,0,1,42431
"858",424,2,4243,1,1,0,42432
"859",426,1,4261,1.16666666666667,0,1,42611
"860",426,2,4261,1,1,0,42612
"861",426,1,4262,1,0,1,42621
"862",426,2,4262,1,1,0,42622
"863",426,1,4263,1.83333333333333,0,1,42631
"864",426,2,4263,2,1,0,42632
"865",427,1,4271,3.66666666666667,0,1,42711
"866",427,2,4271,3.125,1,0,42712
"867",427,1,4272,1.66666666666667,0,1,42721
"868",427,2,4272,2,1,0,42722
"869",427,1,4273,1,0,1,42731
"870",427,2,4273,4.5,1,0,42732
"871",428,1,4281,1.33333333333333,0,1,42811
"872",428,2,4281,2.33333333333333,1,0,42812
"873",428,1,4282,2,0,1,42821
"874",428,2,4282,1,1,0,42822
"875",428,1,4283,2.83333333333333,0,1,42831
"876",428,2,4283,1,1,0,42832
"877",429,1,4291,1,0,1,42911
"878",429,2,4291,2.16666666666667,1,0,42912
"879",429,1,4292,1,0,1,42921
"880",429,2,4292,1,1,0,42922
"881",429,1,4293,1.16666666666667,0,1,42931
"882",429,2,4293,1,1,0,42932
"883",432,1,4321,2.33333333333333,0,1,43211
"884",432,2,4321,2.5,1,0,43212
"885",432,1,4322,2.33333333333333,0,1,43221
"886",432,2,4322,1,1,0,43222
"887",432,1,4323,1.83333333333333,0,1,43231
"888",432,2,4323,3,1,0,43232
"889",433,1,4331,1.16666666666667,0,1,43311
"890",433,2,4331,2,1,0,43312
"891",433,1,4332,4.33333333333333,0,1,43321
"892",433,2,4332,1.66666666666667,1,0,43322
"893",433,1,4333,1,0,1,43331
"894",433,2,4333,1,1,0,43332
"895",435,1,4351,1.16666666666667,0,1,43511
"896",435,2,4351,1,1,0,43512
"897",435,1,4352,3.5,0,1,43521
"898",435,2,4352,4,1,0,43522
"899",435,1,4353,1.33333333333333,0,1,43531
"900",435,2,4353,1.16666666666667,1,0,43532
"901",436,1,4361,1,0,1,43611
"902",436,2,4361,1.16666666666667,1,0,43612
"903",436,1,4362,1,0,1,43621
"904",436,2,4362,1.33333333333333,1,0,43622
"905",436,1,4363,1,0,1,43631
"906",436,2,4363,1.83333333333333,1,0,43632
"907",437,1,4371,3.33333333333333,0,1,43711
"908",437,2,4371,4.5,1,0,43712
"909",437,1,4372,2,0,1,43721
"910",437,2,4372,1.83333333333333,1,0,43722
"911",437,1,4373,3.83333333333333,0,1,43731
"912",437,2,4373,3.33333333333333,1,0,43732
"913",439,1,4391,1,0,1,43911
"914",439,2,4391,1.33333333333333,1,0,43912
"915",439,1,4392,1.33333333333333,0,1,43921
"916",439,2,4392,1.66666666666667,1,0,43922
"917",439,1,4393,1,0,1,43931
"918",439,2,4393,2.33333333333333,1,0,43932
"919",441,1,4411,1,0,1,44111
"920",441,2,4411,1,1,0,44112
"921",441,1,4412,2,0,1,44121
"922",441,2,4412,1.83333333333333,1,0,44122
"923",441,1,4413,2,0,1,44131
"924",441,2,4413,1,1,0,44132
"925",445,1,4451,1.5,0,1,44511
"926",445,2,4451,1,1,0,44512
"927",445,1,4452,1.33333333333333,0,1,44521
"928",445,2,4452,1,1,0,44522
"929",445,1,4453,2,0,1,44531
"930",445,2,4453,1.5,1,0,44532
"931",446,1,4461,1.66666666666667,0,1,44611
"932",446,2,4461,1.5,1,0,44612
"933",446,1,4462,1.66666666666667,0,1,44621
"934",446,2,4462,1.33333333333333,1,0,44622
"935",446,1,4463,2.16666666666667,0,1,44631
"936",446,2,4463,2.66666666666667,1,0,44632
"937",447,1,4471,1.5,0,1,44711
"938",447,2,4471,1,1,0,44712
"939",447,1,4472,1.33333333333333,0,1,44721
"940",447,2,4472,1,1,0,44722
"941",447,1,4473,1.33333333333333,0,1,44731
"942",447,2,4473,1.83333333333333,1,0,44732
"943",448,1,4481,2.16666666666667,0,1,44811
"944",448,2,4481,4.66666666666667,1,0,44812
"945",448,1,4482,1.5,0,1,44821
"946",448,2,4482,1,1,0,44822
"947",448,1,4483,1.5,0,1,44831
"948",448,2,4483,1,1,0,44832
"949",453,1,4531,1,0,1,45311
"950",453,2,4531,1,1,0,45312
"951",453,1,4532,1.5,0,1,45321
"952",453,2,4532,1.5,1,0,45322
"953",453,1,4533,1.5,0,1,45331
"954",453,2,4533,2.16666666666667,1,0,45332
"955",454,1,4541,1,0,1,45411
"956",454,2,4541,1,1,0,45412
"957",454,1,4542,1,0,1,45421
"958",454,2,4542,1,1,0,45422
"959",454,1,4543,1,0,1,45431
"960",454,2,4543,1.5,1,0,45432
"961",456,1,4561,1.33333333333333,0,1,45611
"962",456,2,4561,2.33333333333333,1,0,45612
"963",456,1,4562,1,0,1,45621
"964",456,2,4562,1.16666666666667,1,0,45622
"965",456,1,4563,1.5,0,1,45631
"966",456,2,4563,1,1,0,45632
"967",457,1,4571,1.5,0,1,45711
"968",457,2,4571,1.33333333333333,1,0,45712
"969",457,1,4572,2.16666666666667,0,1,45721
"970",457,2,4572,1.5,1,0,45722
"971",457,1,4573,2.16666666666667,0,1,45731
"972",457,2,4573,1.16666666666667,1,0,45732
"973",458,1,4581,2,0,1,45811
"974",458,2,4581,1.5,1,0,45812
"975",458,1,4582,3.16666666666667,0,1,45821
"976",458,2,4582,1.66666666666667,1,0,45822
"977",458,1,4583,1.66666666666667,0,1,45831
"978",458,2,4583,1.66666666666667,1,0,45832
"979",460,1,4601,3.16666666666667,0,1,46011
"980",460,2,4601,1.83333333333333,1,0,46012
"981",460,1,4602,2.16666666666667,0,1,46021
"982",460,2,4602,1,1,0,46022
"983",460,1,4603,3.16666666666667,0,1,46031
"984",460,2,4603,1,1,0,46032
"985",461,1,4611,1.66666666666667,0,1,46111
"986",461,2,4611,1,1,0,46112
"987",461,1,4612,1,0,1,46121
"988",461,2,4612,1,1,0,46122
"989",461,1,4613,1,0,1,46131
"990",461,2,4613,1,1,0,46132
"991",463,1,4631,1.33333333333333,0,1,46311
"992",463,2,4631,3.33333333333333,1,0,46312
"993",463,1,4632,1.16666666666667,0,1,46321
"994",463,2,4632,1,1,0,46322
"995",463,1,4633,1,0,1,46331
"996",463,2,4633,1,1,0,46332
"997",464,1,4641,1,0,1,46411
"998",464,2,4641,1,1,0,46412
"999",464,1,4642,1,0,1,46421
"1000",464,2,4642,1,1,0,46422
"1001",464,1,4643,1,0,1,46431
"1002",464,2,4643,1,1,0,46432
"1003",467,1,4671,3.83333333333333,0,1,46711
"1004",467,2,4671,3.33333333333333,1,0,46712
"1005",467,1,4672,2.16666666666667,0,1,46721
"1006",467,2,4672,1.66666666666667,1,0,46722
"1007",467,1,4673,1.33333333333333,0,1,46731
"1008",467,2,4673,1.16666666666667,1,0,46732
"1009",468,1,4681,1.16666666666667,0,1,46811
"1010",468,2,4681,3.16666666666667,1,0,46812
"1011",468,1,4682,1.33333333333333,0,1,46821
"1012",468,2,4682,2.16666666666667,1,0,46822
"1013",468,1,4683,2.33333333333333,0,1,46831
"1014",468,2,4683,3,1,0,46832
"1015",469,1,4691,2.83333333333333,0,1,46911
"1016",469,2,4691,1.5,1,0,46912
"1017",469,1,4692,2.33333333333333,0,1,46921
"1018",469,2,4692,1,1,0,46922
"1019",469,1,4693,3,0,1,46931
"1020",469,2,4693,1.5,1,0,46932
"1021",470,1,4701,1.16666666666667,0,1,47011
"1022",470,2,4701,1,1,0,47012
"1023",470,1,4702,2.33333333333333,0,1,47021
"1024",470,2,4702,1.33333333333333,1,0,47022
"1025",470,1,4703,2.16666666666667,0,1,47031
"1026",470,2,4703,1,1,0,47032
"1027",472,1,4721,1,0,1,47211
"1028",472,2,4721,1.5,1,0,47212
"1029",472,1,4722,1.33333333333333,0,1,47221
"1030",472,2,4722,1.66666666666667,1,0,47222
"1031",472,1,4723,1,0,1,47231
"1032",472,2,4723,1,1,0,47232
"1033",473,1,4731,2.83333333333333,0,1,47311
"1034",473,2,4731,3,1,0,47312
"1035",473,1,4732,1.5,0,1,47321
"1036",473,2,4732,1,1,0,47322
"1037",473,1,4733,2.33333333333333,0,1,47331
"1038",473,2,4733,1.16666666666667,1,0,47332
"1039",474,1,4741,1.5,0,1,47411
"1040",474,2,4741,1.83333333333333,1,0,47412
"1041",474,1,4742,1.66666666666667,0,1,47421
"1042",474,2,4742,1,1,0,47422
"1043",474,1,4743,1.5,0,1,47431
"1044",474,2,4743,1,1,0,47432
"1045",475,1,4751,4,0,1,47511
"1046",475,2,4751,2.5,1,0,47512
"1047",475,1,4752,1,0,1,47521
"1048",475,2,4752,2.66666666666667,1,0,47522
"1049",475,1,4753,1,0,1,47531
"1050",475,2,4753,1,1,0,47532
"1051",476,1,4761,1,0,1,47611
"1052",476,2,4761,1.16666666666667,1,0,47612
"1053",476,1,4762,1.83333333333333,0,1,47621
"1054",476,2,4762,1,1,0,47622
"1055",476,1,4763,2.66666666666667,0,1,47631
"1056",476,2,4763,2.16666666666667,1,0,47632
"1057",478,1,4781,3.5,0,1,47811
"1058",478,2,4781,3.66666666666667,1,0,47812
"1059",478,1,4782,1.16666666666667,0,1,47821
"1060",478,2,4782,2,1,0,47822
"1061",478,1,4783,4,0,1,47831
"1062",478,2,4783,1.16666666666667,1,0,47832
"1063",481,1,4811,1,0,1,48111
"1064",481,2,4811,1,1,0,48112
"1065",481,1,4812,1,0,1,48121
"1066",481,2,4812,1.33333333333333,1,0,48122
"1067",481,1,4813,2.16666666666667,0,1,48131
"1068",481,2,4813,1.5,1,0,48132
"1069",482,1,4821,1.66666666666667,0,1,48211
"1070",482,2,4821,3.16666666666667,1,0,48212
"1071",482,1,4822,1.83333333333333,0,1,48221
"1072",482,2,4822,1,1,0,48222
"1073",482,1,4823,1,0,1,48231
"1074",482,2,4823,1.5,1,0,48232
"1075",484,1,4841,2,0,1,48411
"1076",484,2,4841,2.16666666666667,1,0,48412
"1077",484,1,4842,2,0,1,48421
"1078",484,2,4842,3.33333333333333,1,0,48422
"1079",484,1,4843,2,0,1,48431
"1080",484,2,4843,1.33333333333333,1,0,48432
"1081",485,1,4851,2,0,1,48511
"1082",485,2,4851,1,1,0,48512
"1083",485,1,4852,2.16666666666667,0,1,48521
"1084",485,2,4852,1,1,0,48522
"1085",485,1,4853,2.33333333333333,0,1,48531
"1086",485,2,4853,2.16666666666667,1,0,48532
"1087",486,1,4861,3.5,0,1,48611
"1088",486,2,4861,2.66666666666667,1,0,48612
"1089",486,1,4862,3.33333333333333,0,1,48621
"1090",486,2,4862,2.66666666666667,1,0,48622
"1091",486,1,4863,2.33333333333333,0,1,48631
"1092",486,2,4863,2.89508928571429,1,0,48632
"1093",487,1,4871,1.66666666666667,0,1,48711
"1094",487,2,4871,2.33333333333333,1,0,48712
"1095",487,1,4872,1.53807471264368,0,1,48721
"1096",487,2,4872,1.66666666666667,1,0,48722
"1097",487,1,4873,1.33333333333333,0,1,48731
"1098",487,2,4873,2.66666666666667,1,0,48732
"1099",488,1,4881,1,0,1,48811
"1100",488,2,4881,1,1,0,48812
"1101",488,1,4882,1,0,1,48821
"1102",488,2,4882,1,1,0,48822
"1103",488,1,4883,1.16666666666667,0,1,48831
"1104",488,2,4883,1,1,0,48832
"1105",489,1,4891,1,0,1,48911
"1106",489,2,4891,4,1,0,48912
"1107",489,1,4892,1.16666666666667,0,1,48921
"1108",489,2,4892,1.66666666666667,1,0,48922
"1109",489,1,4893,1.5,0,1,48931
"1110",489,2,4893,1.16666666666667,1,0,48932
"1111",491,1,4911,1,0,1,49111
"1112",491,2,4911,1.66666666666667,1,0,49112
"1113",491,1,4912,1.33333333333333,0,1,49121
"1114",491,2,4912,1.66666666666667,1,0,49122
"1115",491,1,4913,2.16666666666667,0,1,49131
"1116",491,2,4913,1.33333333333333,1,0,49132
"1117",494,1,4941,2,0,1,49411
"1118",494,2,4941,2.5,1,0,49412
"1119",494,1,4942,1.66666666666667,0,1,49421
"1120",494,2,4942,2,1,0,49422
"1121",494,1,4943,1.83333333333333,0,1,49431
"1122",494,2,4943,1.5,1,0,49432
"1123",496,1,4961,2.33333333333333,0,1,49611
"1124",496,2,4961,2.5,1,0,49612
"1125",496,1,4962,2.16666666666667,0,1,49621
"1126",496,2,4962,1,1,0,49622
"1127",496,1,4963,1.83333333333333,0,1,49631
"1128",496,2,4963,3.83333333333333,1,0,49632
"1129",497,1,4971,1,0,1,49711
"1130",497,2,4971,2.16666666666667,1,0,49712
"1131",497,1,4972,2.83333333333333,0,1,49721
"1132",497,2,4972,1.5,1,0,49722
"1133",497,1,4973,1.66666666666667,0,1,49731
"1134",497,2,4973,1.83333333333333,1,0,49732
"1135",498,1,4981,1,0,1,49811
"1136",498,2,4981,1.83333333333333,1,0,49812
"1137",498,1,4982,2.33333333333333,0,1,49821
"1138",498,2,4982,1,1,0,49822
"1139",498,1,4983,2.66666666666667,0,1,49831
"1140",498,2,4983,1.5,1,0,49832
"1141",503,1,5031,2.5,0,1,50311
"1142",503,2,5031,2,1,0,50312
"1143",503,1,5032,1,0,1,50321
"1144",503,2,5032,1,1,0,50322
"1145",503,1,5033,1,0,1,50331
"1146",503,2,5033,1.16666666666667,1,0,50332
"1147",505,1,5051,3.5,0,1,50511
"1148",505,2,5051,2.16666666666667,1,0,50512
"1149",505,1,5052,3.83333333333333,0,1,50521
"1150",505,2,5052,3.66666666666667,1,0,50522
"1151",505,1,5053,1.66666666666667,0,1,50531
"1152",505,2,5053,3,1,0,50532
"1153",506,1,5061,2.16666666666667,0,1,50611
"1154",506,2,5061,4.16666666666667,1,0,50612
"1155",506,1,5062,2.33333333333333,0,1,50621
"1156",506,2,5062,2.83333333333333,1,0,50622
"1157",506,1,5063,1.33333333333333,0,1,50631
"1158",506,2,5063,2.5,1,0,50632
"1159",507,1,5071,1,0,1,50711
"1160",507,2,5071,1,1,0,50712
"1161",507,1,5072,3.33333333333333,0,1,50721
"1162",507,2,5072,2.83333333333333,1,0,50722
"1163",507,1,5073,3.16666666666667,0,1,50731
"1164",507,2,5073,2.33333333333333,1,0,50732
"1165",509,1,5091,1.66666666666667,0,1,50911
"1166",509,2,5091,1.66666666666667,1,0,50912
"1167",509,1,5092,3,0,1,50921
"1168",509,2,5092,1,1,0,50922
"1169",509,1,5093,4.16666666666667,0,1,50931
"1170",509,2,5093,2.16666666666667,1,0,50932
"1171",510,1,5101,1.83333333333333,0,1,51011
"1172",510,2,5101,1.5,1,0,51012
"1173",510,1,5102,1,0,1,51021
"1174",510,2,5102,1,1,0,51022
"1175",510,1,5103,1,0,1,51031
"1176",510,2,5103,2,1,0,51032
"1177",511,1,5111,1.16666666666667,0,1,51111
"1178",511,2,5111,2,1,0,51112
"1179",511,1,5112,1,0,1,51121
"1180",511,2,5112,1.16666666666667,1,0,51122
"1181",511,1,5113,1.66666666666667,0,1,51131
"1182",511,2,5113,1,1,0,51132
"1183",512,1,5121,1.5,0,1,51211
"1184",512,2,5121,1.33333333333333,1,0,51212
"1185",512,1,5122,2.16666666666667,0,1,51221
"1186",512,2,5122,1.5,1,0,51222
"1187",512,1,5123,1.16666666666667,0,1,51231
"1188",512,2,5123,1.26264880952381,1,0,51232
"1189",513,1,5131,1.16666666666667,0,1,51311
"1190",513,2,5131,1.33333333333333,1,0,51312
"1191",513,1,5132,1.16666666666667,0,1,51321
"1192",513,2,5132,1,1,0,51322
"1193",513,1,5133,1,0,1,51331
"1194",513,2,5133,2.66666666666667,1,0,51332
"1195",515,1,5151,1,0,1,51511
"1196",515,2,5151,2.83333333333333,1,0,51512
"1197",515,1,5152,1,0,1,51521
"1198",515,2,5152,1,1,0,51522
"1199",515,1,5153,2.83333333333333,0,1,51531
"1200",515,2,5153,2.16666666666667,1,0,51532
"1201",519,1,5191,2.83333333333333,0,1,51911
"1202",519,2,5191,3.33333333333333,1,0,51912
"1203",519,1,5192,1,0,1,51921
"1204",519,2,5192,1.16666666666667,1,0,51922
"1205",519,1,5193,1,0,1,51931
"1206",519,2,5193,1.16666666666667,1,0,51932
"1207",521,1,5211,3.66666666666667,0,1,52111
"1208",521,2,5211,2.5,1,0,52112
"1209",521,1,5212,2.16666666666667,0,1,52121
"1210",521,2,5212,2.92649199417758,1,0,52122
"1211",521,1,5213,1.16666666666667,0,1,52131
"1212",521,2,5213,1.49626307922272,1,0,52132
"1213",524,1,5241,4.33333333333333,0,1,52411
"1214",524,2,5241,2,1,0,52412
"1215",524,1,5242,2.66666666666667,0,1,52421
"1216",524,2,5242,2.5,1,0,52422
"1217",524,1,5243,1.66666666666667,0,1,52431
"1218",524,2,5243,2.33333333333333,1,0,52432
"1219",525,1,5251,1,0,1,52511
"1220",525,2,5251,1.66666666666667,1,0,52512
"1221",525,1,5252,2,0,1,52521
"1222",525,2,5252,1.16666666666667,1,0,52522
"1223",525,1,5253,1.66666666666667,0,1,52531
"1224",525,2,5253,2.66666666666667,1,0,52532
"1225",531,1,5311,3.16666666666667,0,1,53111
"1226",531,2,5311,2,1,0,53112
"1227",531,1,5312,2,0,1,53121
"1228",531,2,5312,2.83333333333333,1,0,53122
"1229",531,1,5313,1.5,0,1,53131
"1230",531,2,5313,2.16666666666667,1,0,53132
"1231",532,1,5321,1,0,1,53211
"1232",532,2,5321,1.66666666666667,1,0,53212
"1233",532,1,5322,1,0,1,53221
"1234",532,2,5322,1,1,0,53222
"1235",532,1,5323,1,0,1,53231
"1236",532,2,5323,1,1,0,53232
"1237",533,1,5331,2,0,1,53311
"1238",533,2,5331,4,1,0,53312
"1239",533,1,5332,2,0,1,53321
"1240",533,2,5332,2,1,0,53322
"1241",533,1,5333,2,0,1,53331
"1242",533,2,5333,2,1,0,53332
"1243",535,1,5351,1,0,1,53511
"1244",535,2,5351,1,1,0,53512
"1245",535,1,5352,1,0,1,53521
"1246",535,2,5352,1.16666666666667,1,0,53522
"1247",535,1,5353,1.66666666666667,0,1,53531
"1248",535,2,5353,2,1,0,53532
